id,created_at,operator_name,station_id,raw_scan,part_id,serial_number,batch_comment,idempotency_key,dashboard_notes
6540,2025-12-17 12:00:00+00,Faye,,,100752EL,752EL12420,,,
6541,2025-12-17 12:00:00+00,Faye,,,100752EL,752EL12421,,,
6542,2025-12-17 12:00:00+00,Debbie,,,100752EW,752EW24831,,,
6543,2025-12-17 12:00:00+00,Faye,,,100752WKW,752WKN10484,,,
11833,2025-12-18 18:17:15.067556+00,Faye,OP4,+B446100756E21/$+756E210492E,100756E2,756E210492,,,
9798,2025-11-20 20:55:53+00,Laura,MAIN,,100756EL,756EL10120,,,
7001,2025-12-17 21:03:02+00,Faye,OP4,+B446100756EW1/$+756EW15408X,100756EW,756EW15408,,,
6547,2025-12-17 20:18:14+00,Faye,OP4,+B446100756EW1/$+756EW15406V,100756EW,756EW15406,,,
6544,2025-12-17 12:00:00+00,Maria G,,,100756EW,756EW15254,,,
6545,2025-12-17 12:00:00+00,Maria G,,,100756EW,756EW15255,,,
6546,2025-12-17 12:00:00+00,Maria G,,,100756EW,756EW15256,,,
6548,2025-12-17 12:00:00+00,Maria G,,,100756EW,756EW15409,,,
6549,2025-12-17 12:00:00+00,Maria G,,,100756EW,756EW15410,,,
6550,2025-12-17 12:00:00+00,Maria G,,,100756EW,756EW15411,,,
6551,2025-12-17 12:00:00+00,Maria G,,,100756EW,756EW15412,,,
11729,2025-12-11 20:45:09+00,Faye,OP4,,100756EW,756EW15405,,,
11718,2025-12-11 19:59:28+00,Faye,OP4,,100756EW,756EW15404,,,
11701,2025-12-11 19:10:46+00,Faye,OP4,,100756EW,756EW15402,,,
10864,2025-12-04 15:29:31+00,Faye,OP4,,100756EW,756EW15407,,,
10804,2025-12-04 11:52:40+00,Faye,OP4,,100756EW,756EW15401,,,
10546,2025-12-02 18:08:56+00,Laura,MAIN,,100756EW,756EW15400,SO,,
10537,2025-12-02 17:41:27+00,Laura,MAIN,,100756EW,756EW15399,,,
10514,2025-12-02 16:00:58+00,Laura,MAIN,,100756EW,756EW15398,,,
10504,2025-12-02 15:32:06+00,Laura,MAIN,,100756EW,756EW15397,SO,,
10477,2025-12-02 14:29:43+00,Laura,MAIN,,100756EW,756EW15396,,,
10464,2025-12-02 13:59:47+00,Laura,MAIN,,100756EW,756EW15395,SO,,
134,2025-12-17 21:40:55.049917+00,Faye,OP4,+B446100756NW1/$+756NW15258B,100756NW,756NW15258,,,
124,2025-12-17 21:09:41.43687+00,Faye,OP4,+B446100756NW1/$+756NW15257A,100756NW,756NW15257,,,
6806,2025-12-16 06:43:51+00,Faye,OP4,+B446100756NW1/$+756NW152503,100756NW,756NW15250,,,
11523,2025-12-10 16:42:14+00,Faye,OP4,,100756NW,756NW15249,,,
11515,2025-12-10 16:11:40+00,Faye,OP4,,100756NW,756NW15248,,,
11500,2025-12-10 15:31:37+00,Faye,OP4,,100756NW,756NW15247,,,
11491,2025-12-10 14:58:16+00,Faye,OP4,,100756NW,756NW15246,,,
11483,2025-12-10 14:24:45+00,Faye,OP4,,100756NW,756NW15245,,,
11465,2025-12-10 13:53:01+00,Faye,OP4,,100756NW,756NW15244,,,
11464,2025-12-10 13:51:14+00,Faye,OP4,,100756NW,756NW15243,,,
11439,2025-12-10 12:30:25+00,Faye,OP4,,100756NW,756NW15242,,,
11433,2025-12-10 12:01:47+00,Faye,OP4,,100756NW,756NW15241,,,
11430,2025-12-09 21:44:31+00,Faye,OP4,,100756NW,756NW15240,,,
11420,2025-12-09 21:09:27+00,Faye,OP4,,100756NW,756NW15239,,,
11409,2025-12-09 20:23:23+00,Faye,OP4,,100756NW,756NW15238,,,
11394,2025-12-09 19:41:17+00,Faye,OP4,,100756NW,756NW15237,,,
11380,2025-12-09 19:08:32+00,Faye,OP4,,100756NW,756NW15236,,,
11369,2025-12-09 18:19:56+00,Faye,OP4,,100756NW,756NW15235,,,
10728,2025-12-03 17:26:35+00,Laura,MAIN,,100756NW,756NW152345,,,
10541,2025-12-02 17:57:50+00,Maria L,OP12,,100756NW,756NW15233,,,
10532,2025-12-02 17:31:41+00,Maria L,OP12,,100756NW,756NW15232,,,
10525,2025-12-02 16:39:36+00,Maria L,OP12,,100756NW,756NW15231,,,
10517,2025-12-02 16:15:17+00,Maria L,OP12,,100756NW,756NW15230,,,
10506,2025-12-02 15:44:05+00,Maria L,OP12,,100756NW,756NW15229,,,
10495,2025-12-02 15:19:17+00,Maria L,OP12,,100756NW,756NW15228,,,
10481,2025-12-02 14:49:28+00,Maria L,OP12,,100756NW,756NW15227,,,
10476,2025-12-02 14:27:52+00,Maria L,OP12,,100756NW,756NW15226,,,
10463,2025-12-02 13:58:23+00,Maria L,OP12,,100756NW,756NW15225,,,
10446,2025-12-02 13:12:13+00,Maria L,OP12,,100756NW,756NW15224,,,
10443,2025-12-02 13:06:43+00,Maria L,OP12,,100756NW,756NW15223,,,
10439,2025-12-02 13:06:22+00,Maria L,OP12,,100756NW,756NW15222,,,
10425,2025-12-02 11:48:44+00,Maria L,OP12,,100756NW,756NW15221,,,
10397,2025-12-01 20:39:33+00,Maria L,OP12,,100756NW,756NW15220,,,
10374,2025-12-01 20:11:37+00,Maria L,OP12,,100756NW,756NW15219,,,
10367,2025-12-01 19:37:18+00,Maria L,OP12,,100756NW,756NW15218,,,
10360,2025-12-01 19:09:58+00,Maria L,OP12,,100756NW,756NW15217,,,
10353,2025-12-01 18:26:43+00,Maria L,OP12,,100756NW,756NW15216,,,
10343,2025-12-01 17:59:25+00,Maria L,OP12,,100756NW,756NW15215,,,
10326,2025-12-01 17:35:59+00,Maria L,OP12,,100756NW,756NW15214,,,
10317,2025-12-01 16:35:18+00,Maria L,OP12,,100756NW,756NW15213,,,
10310,2025-12-01 16:09:08+00,Maria L,OP12,,100756NW,756NW15212,,,
10304,2025-12-01 15:40:20+00,Maria L,OP12,,100756NW,756NW15211,,,
10289,2025-12-01 15:16:05+00,Maria L,OP12,,100756NW,756NW15210,,,
10284,2025-12-01 14:51:18+00,Maria L,OP12,,100756NW,756NW15209,,,
10278,2025-12-01 14:24:18+00,Maria L,OP12,,100756NW,756NW15208,,,
10266,2025-12-01 13:59:15+00,Maria L,OP12,,100756NW,756NW15207,,,
10261,2025-12-01 13:22:37+00,Maria L,OP12,,100756NW,756NW15206,,,
10253,2025-12-01 12:57:25+00,Maria L,OP12,,100756NW,756NW15205,,,
10243,2025-12-01 12:32:08+00,Maria L,OP12,,100756NW,756NW15204,,,
10238,2025-12-01 12:00:49+00,Maria L,OP12,,100756NW,756NW15203,,,
10232,2025-11-28 17:16:50+00,Maria L,OP12,,100756NW,756NW15202,,,
10227,2025-11-28 16:51:32+00,Maria L,OP12,,100756NW,756NW15201,,,
10224,2025-11-28 16:28:02+00,Maria L,OP12,,100756NW,756NW15200,,,
10217,2025-11-28 15:57:33+00,Maria L,OP12,,100756NW,756NW15199,,,
10213,2025-11-28 15:33:28+00,Maria L,OP12,,100756NW,756NW15198,,,
10210,2025-11-28 15:09:20+00,Maria L,OP12,,100756NW,756NW15197,,,
10207,2025-11-28 14:45:21+00,Maria L,OP12,,100756NW,756NW15196,,,
10205,2025-11-28 14:19:23+00,Maria L,OP12,,100756NW,756NW15195,,,
10198,2025-11-28 13:55:00+00,Maria L,OP12,,100756NW,756NW15194,,,
10193,2025-11-28 13:16:37+00,Maria L,OP12,,100756NW,756NW15193,,,
10192,2025-11-28 12:55:09+00,Maria L,OP12,,100756NW,756NW15192,,,
10189,2025-11-28 12:28:50+00,Maria L,OP12,,100756NW,756NW15191,,,
10185,2025-11-28 12:05:10+00,Maria L,OP12,,100756NW,756NW15190,,,
10184,2025-11-28 11:42:26+00,Maria L,OP12,,100756NW,756NW15189,,,
10034,2025-11-25 20:47:19+00,Maria L,OP12,,100756NW,756NW15188,,,
10027,2025-11-25 20:19:29+00,Maria L,OP12,,100756NW,756NW15187,,,
10005,2025-11-25 19:40:52+00,Maria L,OP12,,100756NW,756NW15186,,,
10004,2025-11-25 19:39:00+00,Maria L,OP12,,100756NW,756NW15184,,,
10003,2025-11-25 19:38:28+00,Maria L,OP12,,100756NW,756NW15183,,,
9834,2025-11-21 19:30:17+00,Laura,MAIN,,100756NW,756NW151827,,,
9833,2025-11-21 19:30:04+00,Laura,MAIN,,100756NW,756NW151816,,,
9832,2025-11-21 19:29:52+00,Laura,MAIN,,100756NW,756NW151805,,,
9763,2025-11-20 15:50:37+00,Laura,MAIN,,100756NW,756NW15185,,,
9762,2025-11-20 15:40:56+00,Laura,MAIN,,100756NW,756NW15178,,,
9761,2025-11-20 15:08:49+00,Laura,MAIN,,100756NW,756NW15177,,,
9711,2025-11-19 23:17:41+00,Laura,MAIN,,100756NW,756NW15176,,,
9710,2025-11-19 23:17:36+00,Laura,MAIN,,100756NW,756NW15175,,,
9709,2025-11-19 23:17:29+00,Laura,MAIN,,100756NW,756NW15174,,,
9708,2025-11-19 23:17:21+00,Laura,MAIN,,100756NW,756NW15173,,,
9707,2025-11-19 23:17:16+00,Laura,MAIN,,100756NW,756NW15172,,,
9706,2025-11-19 23:17:08+00,Laura,MAIN,,100756NW,756NW15171,,,
9705,2025-11-19 23:17:01+00,Laura,MAIN,,100756NW,756NW15170,,,
9704,2025-11-19 19:48:05+00,Laura,MAIN,,100756NW,756NW15169,,,
9703,2025-11-19 16:19:52+00,Laura,MAIN,,100756NW,756NW15168,,,
9702,2025-11-19 14:33:41+00,Laura,MAIN,,100756NW,756NW15167,,,
9701,2025-11-19 13:54:55+00,Laura,MAIN,,100756NW,756NW15166,,,
12057,2025-12-22 14:19:18.483186+00,Faye,OP4,+B446100757E21/$+757E210886N,100757E2,757E210886,,757E210886-OP4-1766413120418,
12037,2025-12-22 13:51:59.719864+00,Faye,OP4,+B446100757E21/$+757E210885M,100757E2,757E210885,,757E210885-OP4-1766411481564,
12015,2025-12-22 13:06:08.805578+00,Faye,OP4,+B446100757E21/$+757E210884L,100757E2,757E210884,,757E210884-OP4-1766408730707,
12006,2025-12-22 12:39:37.239823+00,Faye,OP4,+B446100757E21/$+757E210883K,100757E2,757E210883,,757E210883-OP4-1766407139162,
11997,2025-12-22 12:09:49.750087+00,Faye,OP4,+B446100757E21/$+757E210882J,100757E2,757E210882,,757E210882-OP4-1766405351636,
11871,2025-12-18 21:32:11.424214+00,Faye,OP4,+B446100757E21/$+757E210881I,100757E2,757E210881,,,
11864,2025-12-18 21:02:44.473682+00,Faye,OP4,+B446100757E21/$+757E210880H,100757E2,757E210880,,,
11856,2025-12-18 20:19:11.807792+00,Faye,OP4,+B446100757E21/$+757E210879P,100757E2,757E210879,,,
11849,2025-12-18 19:43:25.443885+00,Faye,OP4,+B446100757E21/$+757E210878O,100757E2,757E210878,,,
11841,2025-12-18 19:14:40.232779+00,Faye,OP4,+B446100757E21/$+757E210877N,100757E2,757E210877,,,
9673,2025-12-18 13:51:11.981554+00,Maria G,OP7,+B446100757E21/$+757E210876M,100757E2,757E210876,,,
9665,2025-12-18 13:46:33.623461+00,Maria G,OP7,+B446100757E21/$+757E210875L,100757E2,757E210875,,,
6752,2025-12-15 14:07:01+00,Faye,OP4,+B446100757E21/$+757E210869O,100757E2,757E210869,,,
6744,2025-12-15 13:22:36+00,Faye,OP4,+B446100757E21/$+757E210868N,100757E2,757E210868,,,
6737,2025-12-15 12:53:00+00,Faye,OP4,+B446100757E21/$+757E210867M,100757E2,757E210867,,,
6699,2025-12-15 10:56:58+00,Faye,OP4,+B446100757E21/$+757E210866L,100757E2,757E210866,,,
6687,2025-12-15 10:25:21+00,Faye,OP4,+B446100757E21/$+757E210865K,100757E2,757E210865,,,
9941,2025-11-25 15:20:13+00,Laura,MAIN,,100757E2,757E210874,,,
9927,2025-11-25 14:56:21+00,Laura,MAIN,,100757E2,757E210873,,,
9926,2025-11-25 14:56:08+00,Laura,MAIN,,100757E2,757E210872,,,
9918,2025-11-25 14:26:01+00,Laura,MAIN,,100757E2,757E210871,,,
9908,2025-11-25 14:06:05+00,Laura,MAIN,,100757E2,757E210870,,,
9716,2025-11-19 20:15:54+00,Mercedes,MAIN,,100757E2,757E210864,,,
9715,2025-11-19 19:50:20+00,Mercedes,MAIN,,100757E2,757E210863,,,
9714,2025-11-19 19:31:38+00,Mercedes,MAIN,,100757E2,757E210862,,,
9713,2025-11-19 18:55:05+00,Mercedes,MAIN,,100757E2,757E210861,,,
9712,2025-11-19 18:12:46+00,Mercedes,MAIN,,100757E2,757E210860,,,
9681,2025-12-18 14:22:26.122688+00,Maria G,OP7,+B446100757EL1/$+757EL12418B,100757EL,757EL12418,,,
95,2025-12-17 19:26:54.113078+00,Faye,OP4,+B446100757EL1/$+757EL124215,100757EL,757EL12421,,,
6909,2025-12-16 12:35:44+00,Faye,OP4,+B446100757EL1/$+757EL12417A,100757EL,757EL12417,,,
6652,2025-12-15 08:43:52+00,Faye,OP4,+B446100757EL1/$+757EL124169,100757EL,757EL12416,,,
6639,2025-12-15 07:45:07+00,Faye,OP4,+B446100757EL1/$+757EL124136,100757EL,757EL12413,,,
11644,2025-12-11 15:01:05+00,Faye,OP4,,100757EL,757EL12412,,,
11634,2025-12-11 14:34:45+00,Faye,OP4,,100757EL,757EL12411,,,
11628,2025-12-11 14:06:55+00,Faye,OP4,,100757EL,757EL12410,,,
11353,2025-12-09 17:42:51+00,Faye,OP4,,100757EL,757EL12409,,,
11201,2025-12-08 19:49:48+00,Faye,OP4,,100757EL,757EL12408,,,
11169,2025-12-08 17:56:36+00,Faye,OP4,,100757EL,757EL12415,,,
11168,2025-12-08 17:54:53+00,Faye,OP4,,100757EL,757EL12414,,,
11166,2025-12-08 17:48:10+00,Faye,OP4,,100757EL,757EL12407,,,
10912,2025-12-04 18:48:04+00,Faye,OP4,,100757EL,757EL12406,,,
10905,2025-12-04 18:09:54+00,Faye,OP4,,100757EL,757EL12405,,,
10434,2025-12-02 12:58:01+00,Faye,MAIN,,100757EL,757EL12404,,,
10252,2025-12-01 12:55:36+00,Faye,OP4,,100757EL,757EL12403,,,
10250,2025-12-01 12:49:20+00,Faye,OP4,,100757EL,757EL12402,,,
9935,2025-11-25 15:02:13+00,Evis,MAIN,,100757EL,757EL12395,EDGE LABEL,,
9934,2025-11-25 15:02:03+00,Evis,MAIN,,100757EL,757EL12393,,,
9933,2025-11-25 15:01:49+00,Evis,MAIN,,100757EL,757EL12394,,,
9810,2025-11-21 14:53:55+00,Evis,MAIN,,100757EL,757EL124013,,,
9809,2025-11-21 14:39:56+00,Evis,MAIN,,100757EL,757EL124002,,,
9764,2025-11-20 17:52:11+00,Laura,MAIN,,100757EL,757EL12392,,,
6992,2025-12-17 19:28:39+00,Faye,OP4,+B446100757EN1/$+757EN112036,100757EN,757EN11203,,,
6990,2025-12-17 18:54:26+00,Faye,OP4,+B446100757EN1/$+757EN112025,100757EN,757EN11202,,,
39,2025-12-17 12:28:39+00,Faye,OP4,+B446100757EN1/$+757EN112036,100757EN,757EN112036,,,
30,2025-12-17 11:54:26+00,Faye,OP4,+B446100757EN1/$+757EN112025,100757EN,757EN112025,,,
10884,2025-12-04 16:56:02+00,Faye,OP4,,100757EN,757EN11201,,,
10876,2025-12-04 16:21:27+00,Faye,OP4,,100757EN,757EN11200,,,
10789,2025-12-03 21:14:56+00,Faye,OP4,,100757EN,757EN11199,,,
9997,2025-11-25 19:31:21+00,Evis,MAIN,,100757EN,757EN11198,,,
9995,2025-11-25 19:30:07+00,Evis,MAIN,,100757EN,757EN11197,,,
9838,2025-11-24 13:55:45+00,Debbie,MAIN,,100757EN,757EN11195,,,
11851,2025-12-18 19:49:19.656941+00,Debbie M,OP10,+B446100757EW1/$+757EW24844$,100757EW,757EW24844,,757EW24844-OP10-1766087359500,
11850,2025-12-18 19:45:18.440081+00,Debbie M,OP10,+B446100757EW1/$+757EW24843,100757EW,757EW24843,,757EW24843-OP10-1766087118273,
11839,2025-12-18 18:38:02.786528+00,Debbie M,OP10,+B446100757EW1/$+757EW24842.,100757EW,757EW24842,,757EW24842-OP10-1766083082605,
11826,2025-12-18 17:39:03.874657+00,Faye,OP4,+B446100757EW1/$+757EW24841-,100757EW,757EW24841,,,
11817,2025-12-18 16:35:35.709327+00,Faye,OP4,+B446100757EW1/$+757EW24840Z,100757EW,757EW24840,,,
11810,2025-12-18 15:55:36.350747+00,Faye,OP4,+B446100757EW1/$+757EW248390,100757EW,757EW24839,,,
9700,2025-12-18 15:19:48.532813+00,Faye,OP4,+B446100757EW1/$+757EW24838%,100757EW,757EW24838,,,
9691,2025-12-18 14:44:07.773454+00,Faye,OP4,+B446100757EW1/$+757EW24837+,100757EW,757EW24837,,,
9680,2025-12-18 14:16:49.589054+00,Faye,OP4,+B446100757EW1/$+757EW24836/,100757EW,757EW24836,,,
9667,2025-12-18 13:47:43.525712+00,Faye,OP4,+B446100757EW1/$+757EW24835$,100757EW,757EW24835,,,
9657,2025-12-18 13:03:08.996433+00,Faye,OP4,+B446100757EW1/$+757EW24834,100757EW,757EW24834,,,
9656,2025-12-18 13:01:22.32169+00,Faye,OP4,+B446100757EW1/$+757EW24833.,100757EW,757EW24833,,,
9653,2025-12-18 12:45:16.644509+00,Maria G,OP7,+B446100757EW1/$+757EW24830Y,100757EW,757EW24830,,,
9646,2025-12-18 12:06:53.13673+00,Faye,OP4,+B446100757EW1/$+757EW24832-,100757EW,757EW24832,,,
109,2025-12-17 20:30:06.522217+00,Maria G,OP7,+B446100757EW1/$+757EW24829%,100757EW,757EW24829,,,
107,2025-12-17 20:28:48.613254+00,Maria G,OP7,+B446100757EW1/$+757EW24828+,100757EW,757EW24828,,,
100,2025-12-17 19:44:11.230318+00,Maria G,OP7,+B446100757EW1/$+757EW24827/,100757EW,757EW24827,,,
99,2025-12-17 19:42:58.320782+00,Maria G,OP7,+B446100757EW1/$+757EW24826$,100757EW,757EW24826,,,
69,2025-12-17 18:55:11.258805+00,Maria G,OP7,+B446100757EW1/$+757EW24825,100757EW,757EW24825,,,
6552,2025-12-17 12:00:00+00,Faye,,,100757EW,757EW24824,,,
6985,2025-12-16 16:22:09+00,Faye,OP4,+B446100757EW1/$+757EW24823-,100757EW,757EW24823,,,
6978,2025-12-16 16:06:54+00,Faye,OP4,+B446100757EW1/$+757EW24822Z,100757EW,757EW24822,,,
6851,2025-12-16 09:50:43+00,Faye,OP4,+B446100757EW1/$+757EW24821Y,100757EW,757EW24821,,,
6846,2025-12-16 09:21:49+00,Faye,OP4,+B446100757EW1/$+757EW24820X,100757EW,757EW24820,,,
6674,2025-12-15 09:47:19+00,Faye,OP4,+B446100757EW1/$+757EW24819+,100757EW,757EW24819,,,
6663,2025-12-15 09:16:43+00,Faye,OP4,+B446100757EW1/$+757EW24818/,100757EW,757EW24818,,,
11687,2025-12-11 17:54:07+00,Faye,OP4,,100757EW,757EW24817,,,
11686,2025-12-11 17:52:42+00,Faye,OP4,,100757EW,757EW24816,,,
11671,2025-12-11 16:24:33+00,Faye,OP4,,100757EW,757EW24815,,,
10720,2025-12-03 16:41:37+00,Laura,MAIN,,100757EW,757EW24814,,,
10719,2025-12-03 16:41:05+00,Laura,MAIN,,100757EW,757EW24813,,,
10670,2025-12-03 14:21:15+00,Laura,MAIN,,100757EW,757EW24812,,,
10669,2025-12-03 14:20:50+00,Laura,MAIN,,100757EW,757EW24811,,,
10668,2025-12-03 14:20:32+00,Laura,MAIN,,100757EW,757EW24810,,,
10667,2025-12-03 14:20:23+00,Laura,MAIN,,100757EW,757EW24809,,,
10603,2025-12-02 21:19:54+00,Laura,MAIN,,100757EW,757EW24806,,,
10602,2025-12-02 21:18:31+00,Laura,MAIN,,100757EW,757EW24808,,,
10596,2025-12-02 20:48:29+00,Laura,MAIN,,100757EW,757EW24807,,,
10469,2025-12-02 14:15:43+00,Faye,MAIN,,100757EW,757EW24805,,,
10460,2025-12-02 13:46:13+00,Faye,MAIN,,100757EW,757EW24804,,,
10435,2025-12-02 13:00:14+00,Faye,MAIN,,100757EW,757EW24803,,,
10241,2025-12-01 12:14:42+00,Faye,OP4,,100757EW,757EW24802,,,
9815,2025-11-21 15:35:42+00,Laura,MAIN,,100757EW,757EW24801,,,
9814,2025-11-21 15:32:28+00,Laura,MAIN,,100757EW,757EW24800,,,
9813,2025-11-21 15:32:21+00,Laura,MAIN,,100757EW,757EW247995,,,
11602,2025-12-11 12:32:10+00,Faye,OP4,,100757NKNW,757NKNW10483,,,
11597,2025-12-11 11:50:08+00,Faye,OP4,,100757NKNW,757NKNW10482,,,
11589,2025-12-10 21:15:45+00,Faye,OP4,,100757NKNW,757NKNW10481,,,
11579,2025-12-10 20:19:33+00,Faye,OP4,,100757NKNW,757NKNW10480,,,
9931,2025-11-25 15:01:27+00,Evis,MAIN,,100757NKNW,757NKNW10479,,,
11187,2025-12-08 19:08:34+00,Faye,OP4,,100757NW,757NW14018,,,
11179,2025-12-08 18:23:48+00,Faye,OP4,,100757NW,757NW14017,,,
10820,2025-12-04 13:03:17+00,Faye,OP4,,100757NW,757NW14016,,,
10810,2025-12-04 12:29:50+00,Faye,OP4,,100757NW,757NW14015,,,
9883,2025-11-25 12:46:26+00,Amanda,OP2,,100757NW,757NW14014,,,
9882,2025-11-25 12:45:51+00,Amanda,OP2,,100757NW,757NW14013,,,
9881,2025-11-25 12:45:33+00,Amanda,OP2,,100757NW,757NW14012,,,
9651,2025-12-18 12:32:53.163105+00,Debbie G,MAIN,+B446100758EL1/$+758EL114227,100758EL,758EL11422,,,
103,2025-12-17 20:09:32.009219+00,Faye,OP4,+B446100758EL1/$+758EL114216,100758EL,758EL11421,,,
11128,2025-12-08 15:10:30+00,Faye,OP4,,100758EL,758EL11420,,,
10764,2025-12-03 19:21:14+00,Faye,OP4,,100758EL,758EL11419,,,
10752,2025-12-03 18:50:31+00,Faye,OP4,,100758EL,758EL11418,,,
10739,2025-12-03 18:02:51+00,Faye,OP4,,100758EL,758EL11416,,,
10726,2025-12-03 16:58:48+00,Faye,OP4,,100758EL,758EL11415,,,
10709,2025-12-03 16:29:47+00,Faye,OP4,,100758EL,758EL11417,,,
9808,2025-11-21 14:34:45+00,Evis,MAIN,,100758EL,758EL114148,,,
11847,2025-12-18 19:33:02.267313+00,Maria G,OP7,+B446100758EW1/$+758EW14519$,100758EW,758EW14519,,,
11846,2025-12-18 19:31:32.280444+00,Maria G,OP7,+B446100758EW1/$+758EW14518,100758EW,758EW14518,,,
11615,2025-12-11 13:06:51+00,Faye,OP4,,100758EW,758EW14517,,,
10766,2025-12-03 19:30:36+00,Laura,MAIN,,100758EW,758EW14516,Not bagged,,
10748,2025-12-03 18:23:37+00,Laura,MAIN,,100758EW,758EW14515,,,
9913,2025-11-25 14:14:21+00,Stephanie,MAIN,,100758EW,758EW14512,,,
9885,2025-11-25 12:50:27+00,Maria L,OP12,,100758EW,758EW14514,,,
9884,2025-11-25 12:49:56+00,Maria L,OP12,,100758EW,758EW14513,,,
9718,2025-11-19 15:17:53+00,Mercedes,MAIN,,100758EW,758EW14511,,,
9717,2025-11-19 14:41:35+00,Mercedes,MAIN,,100758EW,758EW14510,,,
10319,2025-12-01 16:36:24+00,Faye,OP4,,100758NKNW,758NKNW10666,,,
11858,2025-12-18 20:24:04.033409+00,Maria G,OP7,+B446100758NW1/$+758NW12657F,100758NW,758NW12657,,,
11857,2025-12-18 20:22:13.084387+00,Maria G,OP7,+B446100758NW1/$+758NW12656E,100758NW,758NW12656,,,
10802,2025-12-03 21:49:44+00,Laura,MAIN,,100758NW,758NW12655,,,
10801,2025-12-03 21:49:32+00,Laura,MAIN,,100758NW,758NW12654,,,
11837,2025-12-18 18:28:39.070216+00,Maria G,OP7,+B446100759E21/$+759E2109857Y,100759E2,759E2109857,,,
11836,2025-12-18 18:27:14.106786+00,Maria G,OP7,+B446100759E21/$+759E2109856X,100759E2,759E2109856,,,
11831,2025-12-18 17:52:46.173531+00,Maria G,OP7,+B446100759E21/$+759E2109855W,100759E2,759E2109855,,,
11830,2025-12-18 17:51:53.177496+00,Maria G,OP7,+B446100759E21/$+759E2109854V,100759E2,759E2109854,,,
11813,2025-12-18 16:16:25.505971+00,Maria G,OP7,+B446100759E21/$+759E2109853U,100759E2,759E2109853,,,
11812,2025-12-18 16:15:16.65791+00,Maria G,OP7,+B446100759E21/$+759E2109852T,100759E2,759E2109852,,,
9699,2025-12-18 15:18:32.634085+00,Maria G,OP7,+B446100759E21/$+759E2109851S,100759E2,759E2109851,,,
9697,2025-12-18 15:17:09.689722+00,Maria G,OP7,+B446100759E21/$+759E2109850R,100759E2,759E2109850,,,
10500,2025-12-02 15:28:16+00,Debbie,MAIN,,100759E2,759E2109840,SO,,
10494,2025-12-02 15:12:56+00,Debbie,MAIN,,100759E2,759E2109839,SO,,
10472,2025-12-02 14:20:57+00,Debbie,MAIN,,100759E2,759E2109838,SO,,
10470,2025-12-02 14:17:56+00,Debbie,MAIN,,100759E2,759E2109837,SO,,
10459,2025-12-02 13:45:59+00,Laura,MAIN,,100759E2,759E2109849,SO,,
10436,2025-12-02 13:00:28+00,Debbie,MAIN,,100759E2,759E2109836,,,
10433,2025-12-02 12:57:52+00,Debbie,MAIN,,100759E2,759E2109835,,,
10422,2025-12-02 11:19:45+00,Debbie,MAIN,,100759E2,759E2109834,,,
10421,2025-12-02 11:19:13+00,Debbie,MAIN,,100759E2,759E2109833,SO,,
10420,2025-12-02 11:18:51+00,Laura,MAIN,,100759E2,759E2109848,SO,,
10411,2025-12-01 21:20:58+00,Laura,MAIN,,100759E2,759E2109847,,,
10410,2025-12-01 21:20:14+00,Laura,MAIN,,100759E2,759E2109846,,,
10409,2025-12-01 21:20:07+00,Laura,MAIN,,100759E2,759E2109845,,,
10407,2025-12-01 21:19:15+00,Laura,MAIN,,100759E2,759E2109844,,,
10406,2025-12-01 21:14:35+00,Laura,MAIN,,100759E2,759E2109843,,,
10405,2025-12-01 21:10:40+00,Laura,MAIN,,100759E2,759E2109842,,,
10403,2025-12-01 21:08:27+00,Laura,MAIN,,100759E2,759E2109841,,,
10394,2025-12-01 20:30:45+00,Debbie,MAIN,,100759E2,759E2109832,,,
10393,2025-12-01 20:30:25+00,Debbie,MAIN,,100759E2,759E2109831,,,
10385,2025-12-01 20:20:04+00,Debbie,MAIN,,100759E2,759E2109830,,,
10384,2025-12-01 20:19:57+00,Debbie,MAIN,,100759E2,759E2109829,,,
10383,2025-12-01 20:19:44+00,Debbie,MAIN,,100759E2,759E2109828,,,
10382,2025-12-01 20:19:36+00,Debbie,MAIN,,100759E2,759E2109827,,,
10380,2025-12-01 20:19:20+00,Debbie,MAIN,,100759E2,759E2109826,,,
10379,2025-12-01 20:19:13+00,Debbie,MAIN,,100759E2,759E2109825,,,
10378,2025-12-01 20:18:51+00,Debbie,MAIN,,100759E2,759E2109824,,,
10377,2025-12-01 20:18:06+00,Debbie,MAIN,,100759E2,759E2109823,,,
10376,2025-12-01 20:17:50+00,Debbie,MAIN,,100759E2,759E2109822,,,
10375,2025-12-01 20:17:41+00,Debbie,MAIN,,100759E2,759E2109821,,,
10545,2025-12-02 18:03:56+00,Faye,MAIN,,100759EL,759EL10407,,,
10534,2025-12-02 17:35:15+00,Faye,MAIN,,100759EL,759EL10406,,,
10523,2025-12-02 16:34:28+00,Faye,MAIN,,100759EL,759EL10405,,,
10511,2025-12-02 15:50:41+00,Faye,MAIN,,100759EL,759EL10404,,,
10497,2025-12-02 15:23:23+00,Faye,MAIN,,100759EL,759EL10403,,,
10483,2025-12-02 14:51:21+00,Faye,MAIN,,100759EL,759EL10402,,,
10424,2025-12-02 11:36:09+00,Faye,MAIN,,100759ELRN,100759ELRN20011,,,
11134,2025-12-08 15:28:26+00,Faye,OP4,,100759EW,759EW13797,,,
11108,2025-12-08 14:05:05+00,Faye,OP4,,100759EW,759EW13796,,,
11095,2025-12-08 13:25:00+00,Faye,OP4,,100759EW,759EW13793,,,
11081,2025-12-08 12:54:34+00,Faye,OP4,,100759EW,759EW13792,,,
11073,2025-12-08 12:22:26+00,Faye,OP4,,100759EW,759EW13791,,,
11070,2025-12-08 11:55:34+00,Faye,OP4,,100759EW,759EW13790,,,
10953,2025-12-04 21:26:21+00,Faye,OP4,,100759EW,759EW13795,,,
10947,2025-12-04 20:51:37+00,Faye,OP4,,100759EW,759EW13794,,,
9907,2025-11-25 14:05:11+00,Maria L,OP12,,100759EW,759EW13789,,,
9899,2025-11-25 13:27:37+00,Maria L,OP12,,100759EW,759EW13788,,,
6633,2025-12-15 07:06:02+00,Faye,OP4,+B446100759NW1/$+759NW13608E,100759NW,759NW13608,,,
11738,2025-12-11 21:29:34+00,Faye,OP4,,100759NW,759NW13607,,,
10401,2025-12-01 20:56:42+00,Laura,MAIN,,100759WC,759WC10673,,,
10829,2025-12-04 13:31:42+00,Laura,MAIN,,100760,76012644,,,
10807,2025-12-04 12:28:12+00,Laura,MAIN,,100760,76012643,,,
9720,2025-11-19 13:57:26+00,Mercedes,MAIN,,100760,76012642,,,
9719,2025-11-19 13:55:45+00,Mercedes,MAIN,,100760,76012641,,,
11825,2025-12-18 17:35:26.527809+00,Debbie M,OP10,+B446100760E1/$+760E132820,100760E,760E132820,,760E132820-OP10-1766079326400,
11824,2025-12-18 17:33:40.389052+00,Debbie M,OP10,+B446100760E1/$+760E13281%,100760E,760E132819,,760E13281-OP10-1766079219994,
11806,2025-12-18 15:38:27.456641+00,Debbie G,MAIN,+B446100760E1/$+760E13280+,100760E,760E13280,,,
11805,2025-12-18 15:38:21.264159+00,Debbie G,MAIN,+B446100760E1/$+760E132796,100760E,760E13279,,,
11804,2025-12-18 15:38:14.806164+00,Debbie G,MAIN,+B446100760E1/$+760E132785,100760E,760E13278,,,
11803,2025-12-18 15:38:09.666407+00,Debbie G,MAIN,+B446100760E1/$+760E132774,100760E,760E13277,,,
9663,2025-12-18 13:43:12.760595+00,Debbie G,MAIN,+B446100760E1/$+760E132763,100760E,760E13276,,,
9662,2025-12-18 13:43:05.832575+00,Debbie G,MAIN,+B446100760E1/$+760E132752,100760E,760E13275,,,
6553,2025-12-17 12:00:00+00,Faye,,,100760E,760E13274,,,
11338,2025-12-09 16:29:26+00,Faye,OP4,,100760E,760E13273,,,
11330,2025-12-09 15:59:50+00,Faye,OP4,,100760E,760E13272,,,
9852,2025-11-24 18:09:59+00,Laura,MAIN,,100760E,760E13271,,,
9850,2025-11-24 17:58:27+00,Laura,MAIN,,100760E,760E13270,,,
9849,2025-11-24 17:41:24+00,Laura,MAIN,,100760E,760E13269,,,
9847,2025-11-24 16:58:12+00,Laura,MAIN,,100760E,760E13268,,,
9844,2025-11-24 16:43:11+00,Laura,MAIN,,100760E,760E13267,,,
9837,2025-11-21 19:31:03+00,Laura,MAIN,,100760E,760E132662,,,
9836,2025-11-21 19:30:56+00,Laura,MAIN,,100760E,760E132651,,,
9835,2025-11-21 19:30:45+00,Laura,MAIN,,100760E,760E132640,,,
9722,2025-11-19 13:55:39+00,Mercedes,MAIN,,100760E,760E13262,,,
9721,2025-11-19 13:55:35+00,Mercedes,MAIN,,100760E,760E13261,,,
12089,2025-12-22 15:23:59.402727+00,Faye,OP4,+B446100760E21/$+760E2107196,100760E2,760E2107196,,760E2107196-OP4-1766417001279,
12075,2025-12-22 14:53:20.287663+00,Faye,OP4,+B446100760E21/$+760E2107185,100760E2,760E210718,,760E2107185-OP4-1766415162168,
6865,2025-12-16 10:29:46+00,Faye,OP4,+B446100760E21/$+760E2107174,100760E2,760E210717,,,
10054,2025-11-26 12:29:53+00,Amanda,OP2,,100760E2,760E210716,SO,,
9797,2025-11-20 20:24:10+00,Laura,MAIN,,100760E2,760E2107152,,,
84,2025-12-17 19:23:27.341328+00,Debbie,MAIN,+B446100760EL1/$+760EL125090,100760EL,760EL12509,,,
83,2025-12-17 19:23:17.349375+00,Debbie,MAIN,+B446100760EL1/$+760EL12508%,100760EL,760EL12508,,,
82,2025-12-17 19:23:10.017011+00,Debbie,MAIN,+B446100760EL1/$+760EL12507+,100760EL,760EL12507,,,
11318,2025-12-09 15:21:45+00,Faye,OP4,,100760EL,760EL12506,,,
11305,2025-12-09 14:45:29+00,Faye,OP4,,100760EL,760EL12505,,,
11295,2025-12-09 14:16:10+00,Faye,OP4,,100760EL,760EL12504,,,
10934,2025-12-04 19:57:13+00,Faye,OP4,,100760EL,760EL12503,,,
10922,2025-12-04 19:18:51+00,Faye,OP4,,100760EL,760EL12502,,,
10879,2025-12-04 16:28:35+00,Laura,MAIN,,100760EL,760EL12501,,,
10877,2025-12-04 16:28:21+00,Laura,MAIN,,100760EL,760EL12500,,,
10841,2025-12-04 14:15:49+00,Laura,MAIN,,100760EL,760EL12499,,,
10777,2025-12-03 20:00:15+00,Faye,OP4,,100760EL,760EL124987,,,
10318,2025-12-01 16:35:25+00,Faye,OP4,,100760EL,760EL1249,,,
10279,2025-12-01 14:28:55+00,Faye,OP4,,100760EL,760EL12495,,,
6554,2025-12-17 12:00:00+00,Faye,,,100760ELN,760ELN10300,,,
11282,2025-12-09 13:29:15+00,Faye,OP4,,100760ELN,760ELN10296,,,
11267,2025-12-09 12:53:43+00,Faye,OP4,,100760ELN,760ELN10295,,,
11253,2025-12-09 12:21:32+00,Faye,OP4,,100760ELN,760ELN10294,,,
11243,2025-12-09 11:47:48+00,Faye,OP4,,100760ELN,760ELN10293,,,
11234,2025-12-08 21:23:29+00,Faye,OP4,,100760ELN,760ELN10292,,,
11224,2025-12-08 20:52:00+00,Faye,OP4,,100760ELN,760ELN10291,,,
9869,2025-11-24 21:29:14+00,Laura,MAIN,,100760ELN,760ELN10290,,,
9868,2025-11-24 21:28:54+00,Laura,MAIN,,100760ELN,760ELN102896,,,
9867,2025-11-24 21:28:38+00,Laura,MAIN,,100760ELN,760ELN102885,,,
9866,2025-11-24 21:28:06+00,Laura,MAIN,,100760ELN,760ELN102874,,,
6843,2025-12-16 09:18:36+00,Faye,OP4,+B446100760KN1/$+760KN104228,100760KN,760KN10422,,,
6817,2025-12-16 07:43:21+00,Faye,OP4,+B446100760KN1/$+760KN104217,100760KN,760KN10421,,,
10853,2025-12-04 14:50:39+00,Faye,OP4,,100760KN,760KN10420,,,
10840,2025-12-04 14:11:31+00,Faye,OP4,,100760KN,760KN10419,,,
9936,2025-11-25 15:04:45+00,Maria L,OP12,,100760KN,760KN10418,,,
9996,2025-11-25 19:30:29+00,Stephanie,MAIN,,100780EW,780EW10804,,,
9985,2025-11-25 18:13:59+00,Stephanie,MAIN,,100780EW,780EW10803,,,
9972,2025-11-25 17:30:40+00,Stephanie,MAIN,,100780EW,780EW10802,,,
9967,2025-11-25 17:03:32+00,Stephanie,MAIN,,100780EW,780EW10801,,,
9958,2025-11-25 16:08:58+00,Stephanie,MAIN,,100780EW,780EW10800,,,
9906,2025-11-25 13:56:26+00,Stephanie,MAIN,,100780EW,780EW10805,,,
10694,2025-12-03 15:33:15+00,Faye,OP4,,100780NKNW,780NKNW10242,,,
9937,2025-11-25 15:09:01+00,Maria G,OP7,,301-PFR60WE2,PFR60WE214501,,,
9923,2025-11-25 14:38:55+00,Maria G,OP7,,301-PFR60WE2,PFR60WE214500,,,
9922,2025-11-25 14:37:49+00,Maria G,OP7,,301-PFR60WE2,PFR60WE214499,,,
9920,2025-11-25 14:35:45+00,Maria G,OP7,,301-PFR60WE2,PFR60WE214498,,,
9894,2025-11-25 13:05:28+00,Maria G,OP7,,301-PFR60WE2,PFR60WE214497,,,
9893,2025-11-25 13:05:03+00,Maria G,OP7,,301-PFR60WE2,PFR60WE214496,,,
10886,2025-12-04 17:12:30+00,Maria G,OP7,,4461,EBS757EW10168,,,
6881,2025-12-16 10:58:47+00,Evis,MAIN,01008100162502581125120221MGC1S17755,536713-001,MGC1S17755,,,
6880,2025-12-16 10:58:29+00,Evis,MAIN,01008100162502581125120221MGC1S17756,536713-001,MGC1S17756,,,
6879,2025-12-16 10:57:51+00,Evis,MAIN,01008100162502581125120221MGC1S17754,536713-001,MGC1S17754,,,
10640,2025-12-03 13:16:06+00,Maria L,OP12,,536713-001,MGC1S17753,,,
10632,2025-12-03 12:50:27+00,Maria L,OP12,,536713-001,MGC1S17752,,,
10624,2025-12-03 12:26:21+00,Maria L,OP12,,536713-001,MGC1S17751,,,
10617,2025-12-03 11:49:25+00,Maria L,OP12,,536713-001,MGC1S17750,,,
10593,2025-12-02 20:35:08+00,Maria L,OP12,,536713-001,MGC1S17749,,,
10579,2025-12-02 20:00:35+00,Maria L,OP12,,536713-001,MGC1S17748,,,
10569,2025-12-02 19:35:53+00,Maria L,OP12,,536713-001,MGC117747,SO,,
10566,2025-12-02 19:10:26+00,Maria L,OP12,,536713-001,MGC117746,SO,,
10270,2025-12-01 14:04:23+00,Maria G,OP7,,536713-001,MGC117745,SO,,
10269,2025-12-01 14:03:18+00,Maria G,OP7,,536713-001,MGC117744,SO,,
10268,2025-12-01 14:01:32+00,Maria G,OP7,,536713-001,MGC117743,SO,,
12090,2025-12-22 15:27:01.393081+00,Amanda,OP2,01008100162502651125121021MGC2S104152,536713-002,MGC2S104152,,MGC2S104152-OP2-1766417186212,
12081,2025-12-22 15:03:09.645821+00,Sarah,OP3,01008100162502651125121021MGC2S104153,536713-002,MGC2S104153,,MGC2S104153-OP3-1766415789453,
12069,2025-12-22 14:50:21.316656+00,Amanda,OP2,01008100162502651125121021MGC2S104151,536713-002,MGC2S104151,,MGC2S104151-OP2-1766414986220,
12054,2025-12-22 14:16:19.309117+00,Amanda,OP2,01008100162502651125121021MGC2S104150,536713-002,MGC2S104150,,MGC2S104150-OP2-1766412944137,
12044,2025-12-22 14:06:52.492835+00,Sarah,OP3,01008100162502651125121021MGC2S104145,536713-002,MGC2S104145,,MGC2S104145-OP3-1766412412258,
12036,2025-12-22 13:50:56.642767+00,Sarah,OP3,01008100162502651125121021MGC2S104144,536713-002,MGC2S104144,,MGC2S104144-OP3-1766411456451,
12034,2025-12-22 13:48:04.762439+00,Amanda,OP2,01008100162502651125121021MGC2S104149,536713-002,MGC2S104149,,MGC2S104149-OP2-1766411249664,
12018,2025-12-22 13:16:25.051466+00,Sarah,OP3,01008100162502651125121021MGC2S104143,536713-002,MGC2S104143,,MGC2S104143-OP3-1766409370199,
12012,2025-12-22 12:59:59.632921+00,Amanda,OP2,01008100162502651125121021MGC2S104148,536713-002,MGC2S104148,,MGC2S104148-OP2-1766408364262,
12007,2025-12-22 12:42:24.291156+00,Sarah,OP3,01008100162502651125121021MGC2S104142,536713-002,MGC2S104142,,MGC2S104142-OP3-1766407329697,
12003,2025-12-22 12:27:10.249988+00,Amanda,OP2,01008100162502651125121021MGC2S104147,536713-002,MGC2S104147,,MGC2S104147-OP2-1766406395111,
11933,2025-12-19 16:46:34.515417+00,Sarah,OP3,01008100162502651125121021MGC2S104141,536713-002,MGC2S104141,,MGC2S104141-OP3-1766162787266,
11924,2025-12-19 15:37:40.983853+00,Sarah,OP3,01008100162502651125121021MGC2S104140,536713-002,MGC2S104140,,MGC2S104140-OP3-1766158653747,
11918,2025-12-19 15:09:15.834589+00,Sarah,OP3,01008100162502651125121021MGC2S104139,536713-002,MGC2S104139,,MGC2S104139-OP3-1766156948628,
11912,2025-12-19 14:35:46.987611+00,Sarah,OP3,01008100162502651125121021MGC2S104138,536713-002,MGC2S104138,,MGC2S104138-OP3-1766154939755,
11902,2025-12-19 13:49:08.873502+00,Sarah,OP3,01008100162502651125121021MGC2S104137,536713-002,MGC2S104137,,MGC2S104137-OP3-1766152141630,
11895,2025-12-19 12:50:06.751375+00,Sarah,OP3,01008100162502651125121021MGC2S104136,536713-002,MGC2S104136,,MGC2S104136-OP3-1766148599554,
11892,2025-12-19 12:06:10.493679+00,Sarah,OP3,01008100162502651125121021MGC2S104135,536713-002,MGC2S104135,,MGC2S104135-OP3-1766145963262,
11889,2025-12-18 20:57:26+00,Sarah,OP3,,536713-002,MGC2S104134,,,
11888,2025-12-18 20:22:11+00,Sarah,OP3,,536713-002,MGC2S104133,,,
11887,2025-12-18 19:49:47+00,Sarah,OP3,,536713-002,MGC2S104132,,,
11886,2025-12-18 19:29:10+00,Sarah,OP3,,536713-002,MGC2S104131,,,
11885,2025-12-18 18:30:46+00,Sarah,OP3,,536713-002,MGC2S104130,,,
11884,2025-12-18 17:53:25+00,Sarah,OP3,,536713-002,MGC2S104129,,,
11883,2025-12-18 17:25:30+00,Sarah,OP3,,536713-002,MGC2S104128,,,
11882,2025-12-18 15:52:00+00,Sarah,OP3,,536713-002,MGC2S104127,,,
11881,2025-12-18 15:34:46+00,Sarah,OP3,,536713-002,MGC2S104126,,,
11880,2025-12-18 15:06:18+00,Sarah,OP3,,536713-002,MGC2S104125,,,
11879,2025-12-18 14:33:23+00,Sarah,OP3,,536713-002,MGC2S104124,,,
11878,2025-12-18 14:00:40+00,Sarah,OP3,,536713-002,MGC2S104123,,,
11877,2025-12-18 13:10:19+00,Sarah,OP3,,536713-002,MGC2S104122,,,
11876,2025-12-18 12:57:50+00,Sarah,OP3,,536713-002,MGC2S104121,,,
11875,2025-12-18 12:15:04+00,Sarah,OP3,,536713-002,MGC2S104120,,,
11874,2025-12-18 11:54:24+00,Sarah,OP3,,536713-002,MGC2S104119,,,
7007,2025-12-17 21:15:16+00,Sarah,OP3,01008100162502651125121021MGC2S104109,536713-002,MGC2S104109,,,
6999,2025-12-17 20:47:10+00,Sarah,OP3,01008100162502651125121021MGC2S104108,536713-002,MGC2S104108,,,
110,2025-12-17 20:31:39.849864+00,Sarah,OP3,01008100162502651125121021MGC2S104118,536713-002,MGC2S104118,,,
6994,2025-12-17 20:16:17+00,Sarah,OP3,01008100162502651125121021MGC2S104107,536713-002,MGC2S104107,,,
104,2025-12-17 20:09:49.431431+00,Sarah,OP3,01008100162502651125121021MGC2S104117,536713-002,MGC2S104117,,,
6993,2025-12-17 19:43:20+00,Sarah,OP3,01008100162502651125121021MGC2S104106,536713-002,MGC2S104106,,,
6991,2025-12-17 19:05:55+00,Sarah,OP3,01008100162502651125121021MGC2S104105,536713-002,MGC2S104105,,,
6989,2025-12-17 18:50:26+00,Sarah,OP3,01008100162502651125121021MGC2S104104,536713-002,MGC2S104104,,,
6555,2025-12-17 12:00:00+00,Sarah,,,536713-002,MGC2S104110,,,
6979,2025-12-16 16:11:25+00,Sarah,OP3,01008100162502651125121021MGC2S104103,536713-002,MGC2S104103,,,
6959,2025-12-16 15:17:47+00,Sarah,OP3,01008100162502651125121021MGC2S104102,536713-002,MGC2S104102,,,
6949,2025-12-16 14:51:27+00,Sarah,OP3,01008100162502651125121021MGC2S104101,536713-002,MGC2S104101,,,
6936,2025-12-16 14:15:23+00,Sarah,OP3,01008100162502651125121021MGC2S104100,536713-002,MGC2S104100,,,
6933,2025-12-16 13:59:49+00,Sarah,OP3,01008100162502651125121021MGC2S104099,536713-002,MGC2S104099,,,
6926,2025-12-16 13:27:26+00,Sarah,OP3,01008100162502651125121021MGC2S104098,536713-002,MGC2S104098,,,
6914,2025-12-16 12:50:35+00,Sarah,OP3,01008100162502651125121021MGC2S104097,536713-002,MGC2S104097,,,
6900,2025-12-16 11:24:43+00,Sarah,OP3,01008100162502651125121021MGC2S104096,536713-002,MGC2S104096,,,
6891,2025-12-16 11:05:02+00,Sarah,OP3,01008100162502651125121021MGC2S104095,536713-002,MGC2S104095,,,
6863,2025-12-16 10:25:41+00,Sarah,OP3,01008100162502651125121021MGC2S104094,536713-002,MGC2S104094,,,
6856,2025-12-16 10:03:13+00,Sarah,OP3,01008100162502651125121021MGC2S104093,536713-002,MGC2S104093,,,
6844,2025-12-16 09:19:37+00,Sarah,OP3,01008100162502651125121021MGC2S104092,536713-002,MGC2S104092,,,
6838,2025-12-16 09:00:11+00,Sarah,OP3,01008100162502651125121021MGC2S104091,536713-002,MGC2S104091,,,
6823,2025-12-16 08:08:10+00,Sarah,OP3,01008100162502651125121021MGC2S104090,536713-002,MGC2S104090,,,
6820,2025-12-16 07:51:16+00,Sarah,OP3,01008100162502651125121021MGC2S104089,536713-002,MGC2S104089,,,
6810,2025-12-16 07:13:37+00,Sarah,OP3,01008100162502651125121021MGC2S104088,536713-002,MGC2S104088,,,
6807,2025-12-16 06:48:38+00,Sarah,OP3,01008100162502651125121021MGC2S104087,536713-002,MGC2S104087,,,
6783,2025-12-15 16:06:36+00,Sarah,OP3,01008100162502651125121021MGC2S104086,536713-002,MGC2S104086,,,
6778,2025-12-15 15:52:51+00,Sarah,OP3,01008100162502651125121021MGC2S104085,536713-002,MGC2S104085,,,
6777,2025-12-15 15:48:08+00,Sarah,OP3,01008100162502651125121021MGC2S104084,536713-002,MGC2S104084,,,
6776,2025-12-15 15:47:53+00,Sarah,OP3,01008100162502651125121021MGC2S104083,536713-002,MGC2S104083,,,
6750,2025-12-15 13:57:04+00,Sarah,OP3,01008100162502651125121021MGC2S104082,536713-002,MGC2S104082,,,
6745,2025-12-15 13:31:33+00,Sarah,OP3,01008100162502651125121021MGC2S104081,536713-002,MGC2S104081,,,
6735,2025-12-15 12:50:30+00,Sarah,OP3,01008100162502651125121021MGC2S104080,536713-002,MGC2S104080,,,
6732,2025-12-15 12:35:05+00,Sarah,OP3,01008100162502651125121021MGC2S104079,536713-002,MGC2S104079,,,
6730,2025-12-15 12:17:04+00,Sarah,OP3,01008100162502651125121021MGC2S104078,536713-002,MGC2S104078,,,
6700,2025-12-15 10:58:48+00,Sarah,OP3,01008100162502651125121021MGC2S104077,536713-002,MGC2S104077,,,
6686,2025-12-15 10:20:28+00,Sarah,OP3,01008100162502651125121021MGC2S104076,536713-002,MGC2S104076,,,
6671,2025-12-15 09:39:43+00,Sarah,OP3,01008100162502651125121021MGC2S104075,536713-002,MGC2S104075,,,
6661,2025-12-15 09:08:43+00,Sarah,OP3,01008100162502651125121021MGC2S104074,536713-002,MGC2S104074,,,
6647,2025-12-15 08:12:16+00,Sarah,OP3,01008100162502651125121021MGC2S104073,536713-002,MGC2S104073,,,
6644,2025-12-15 07:55:29+00,Sarah,OP3,01008100162502651125121021MGC2S104072,536713-002,MGC2S104072,,,
6618,2025-12-15 06:58:37+00,Kiara,OP11,01008100162502651125121021MGC2S104068,536713-002,MGC2S104068,,,
11793,2025-12-12 19:22:03+00,Kiara,OP11,,536713-002,MGC2S104067,,,
11792,2025-12-12 18:48:18+00,Kiara,OP11,,536713-002,MGC2S104066,,,
11788,2025-12-12 17:59:47+00,Kiara,OP11,,536713-002,MGC2S104065,,,
11787,2025-12-12 17:31:32+00,Kiara,OP11,,536713-002,MGC2S104064,,,
11785,2025-12-12 17:27:02+00,Sarah,OP3,,536713-002,MGC2S104071,,,
11784,2025-12-12 17:26:41+00,Sarah,OP3,,536713-002,MGC2S104070,,,
11779,2025-12-12 16:52:27+00,Sarah,OP3,,536713-002,MGC2S104069,,,
11778,2025-12-12 16:34:08+00,Kiara,OP11,,536713-002,MGC2S104063,,,
11772,2025-12-12 15:54:34+00,Sarah,OP3,,536713-002,MGC2S104062,,,
11771,2025-12-12 15:53:46+00,Kiara,OP11,,536713-002,MGC2S104056,,,
11770,2025-12-12 15:17:18+00,Sarah,OP3,,536713-002,MGC2S104061,,,
11763,2025-12-12 14:58:10+00,Kiara,OP11,,536713-002,MGC2S104055,,,
11762,2025-12-12 14:51:31+00,Sarah,OP3,,536713-002,MGC2S104060,,,
11759,2025-12-12 14:18:36+00,Kiara,OP11,,536713-002,MGC2S104054,,,
11756,2025-12-12 14:05:17+00,Sarah,OP3,,536713-002,MGC2S104059,,,
11752,2025-12-12 13:44:09+00,Kiara,OP11,,536713-002,MGC2S104053,,,
11748,2025-12-12 13:25:48+00,Sarah,OP3,,536713-002,MGC2S104058,,,
11745,2025-12-12 12:24:24+00,Sarah,OP3,,536713-002,MGC2S104057,,,
11743,2025-12-12 11:36:08+00,Sarah,OP3,,536713-002,MGC2S104050,,,
11735,2025-12-11 21:19:38+00,Sarah,OP3,,536713-002,MGC2S104049,,,
11728,2025-12-11 20:42:22+00,Kiara,OP11,,536713-002,MGC2S104052,,,
11726,2025-12-11 20:25:11+00,Sarah,OP3,,536713-002,MGC2S104048,,,
11719,2025-12-11 19:59:44+00,Kiara,OP11,,536713-002,MGC2S104051,,,
11717,2025-12-11 19:55:23+00,Sarah,OP3,,536713-002,MGC2S104047,,,
11709,2025-12-11 19:28:30+00,Kiara,OP11,,536713-002,MGC2S104044,,,
11702,2025-12-11 19:10:53+00,Sarah,OP3,,536713-002,MGC2S104046,,,
11699,2025-12-11 18:56:28+00,Kiara,OP11,,536713-002,MGC2S104043,,,
11695,2025-12-11 18:13:32+00,Sarah,OP3,,536713-002,MGC2S104045,,,
11693,2025-12-11 18:10:10+00,Kiara,OP11,,536713-002,MGC2S104042,,,
11683,2025-12-11 17:36:38+00,Kiara,OP11,,536713-002,MGC2S104041,,,
11681,2025-12-11 17:32:40+00,Sarah,OP3,,536713-002,MGC2S104032,,,
11670,2025-12-11 16:22:47+00,Kiara,OP11,,536713-002,MGC2S104040,,,
11668,2025-12-11 16:01:54+00,Sarah,OP3,,536713-002,MGC2S104031,,,
11656,2025-12-11 15:36:51+00,Kiara,OP11,,536713-002,MGC2S104039,,,
11649,2025-12-11 15:24:10+00,Sarah,OP3,,536713-002,MGC2S104030,,,
11646,2025-12-11 15:09:50+00,Kiara,OP11,,536713-002,MGC2S104038,,,
11637,2025-12-11 14:41:21+00,Sarah,OP3,,536713-002,MGC2S104029,,,
11633,2025-12-11 14:34:31+00,Kiara,OP11,,536713-002,MGC2S104037,,,
11625,2025-12-11 13:59:13+00,Kiara,OP11,,536713-002,MGC2S104036,,,
11623,2025-12-11 13:54:13+00,Sarah,OP3,,536713-002,MGC2S104028,,,
11618,2025-12-11 13:10:59+00,Kiara,OP11,,536713-002,MGC2S104035,,,
11612,2025-12-11 13:03:40+00,Sarah,OP3,,536713-002,MGC2S104027,,,
11605,2025-12-11 12:42:21+00,Sarah,OP3,,536713-002,MGC2S104026,,,
11604,2025-12-11 12:41:17+00,Kiara,OP11,,536713-002,MGC2S104034,,,
11599,2025-12-11 12:11:13+00,Sarah,OP3,,536713-002,MGC2S104025,,,
11598,2025-12-11 12:11:08+00,Kiara,OP11,,536713-002,MGC2S104033,,,
11591,2025-12-10 21:28:54+00,Sarah,OP3,,536713-002,MGC2S104024,,,
11585,2025-12-10 20:50:25+00,Sarah,OP3,,536713-002,MGC2S104023,DG,,
11521,2025-12-10 20:09:47+00,Sarah,OP3,,536713-002,MGC2S104022,,,
11539,2025-12-10 18:01:00+00,Sarah,OP3,,536713-002,MGC2S104019,DG,,
11540,2025-12-10 18:01:00+00,Sarah,OP3,,536713-002,MGC2S104020,,,
11541,2025-12-10 18:01:00+00,Sarah,OP3,,536713-002,MGC2S104021,DG,,
11519,2025-12-10 17:36:50+00,Sarah,OP3,,536713-002,MGC2S104018,,,
11516,2025-12-10 16:28:08+00,Sarah,OP3,,536713-002,MGC2S104017,DG,,
11508,2025-12-10 15:44:51+00,Sarah,OP3,,536713-002,MGC2S104016,,,
11490,2025-12-10 14:56:53+00,Sarah,OP3,,536713-002,MGC2S104015,DG,,
11487,2025-12-10 14:48:53+00,Sarah,OP3,,536713-002,MGC2S104014,DG,,
11477,2025-12-10 14:14:03+00,Sarah,OP3,,536713-002,MGC2S104013,,,
11456,2025-12-10 13:16:05+00,Sarah,OP3,,536713-002,MGC2S104012,DG,,
11453,2025-12-10 13:00:36+00,Sarah,OP3,,536713-002,MGC2S104011,,,
11437,2025-12-10 12:22:06+00,Sarah,OP3,,536713-002,MGC2S104010,,,
11425,2025-12-09 21:36:44+00,Sarah,OP3,,536713-002,MGC2S104009,DG,,
11422,2025-12-09 21:12:44+00,Sarah,OP3,,536713-002,MGC2S104008,DG,,
11415,2025-12-09 20:54:10+00,Sarah,OP3,,536713-002,MGC2S104007,,,
11398,2025-12-09 20:03:26+00,Sarah,OP3,,536713-002,MGC2S104006,DG,,
11395,2025-12-09 19:46:07+00,Sarah,OP3,,536713-002,MGC2S104005,,,
11377,2025-12-09 18:55:37+00,Sarah,OP3,,536713-002,MGC2S104004,DG,,
11366,2025-12-09 18:13:55+00,Sarah,OP3,,536713-002,MGC2S104000,,,
11352,2025-12-09 17:42:07+00,Sarah,OP3,,536713-002,MGC2S103999,DG,,
11350,2025-12-09 17:23:24+00,Sarah,OP3,,536713-002,MGC2S103998,DG,,
11335,2025-12-09 16:23:10+00,Sarah,OP3,,536713-002,MGC2S103997,,,
11319,2025-12-09 15:25:03+00,Sarah,OP3,,536713-002,MGC2S103996,DG-Filter,,
11314,2025-12-09 15:00:01+00,Sarah,OP3,,536713-002,MGC2S103995,DG-Filter out,,
11302,2025-12-09 14:42:17+00,Sarah,OP3,,536713-002,MGC2S103994,,,
11283,2025-12-09 13:29:17+00,Sarah,OP3,,536713-002,MGC2S103993,DG,,
11273,2025-12-09 13:12:09+00,Sarah,OP3,,536713-002,MGC2S103992,,,
11269,2025-12-09 12:56:16+00,Sarah,OP3,,536713-002,MGC2S103991,DG,,
11257,2025-12-09 12:34:59+00,Sarah,OP3,,536713-002,MGC2S103990,DG-Filter out,,
11245,2025-12-09 12:06:10+00,Sarah,OP3,,536713-002,MGC2S103989,DG - Filter out,,
11240,2025-12-08 21:50:26+00,Sarah,OP3,,536713-002,MGC2S103988,DG,,
11237,2025-12-08 21:36:28+00,Sarah,OP3,,536713-002,MGC2S103987,DG,,
11231,2025-12-08 21:20:24+00,Sarah,OP3,,536713-002,MGC2S103986,DG,,
11225,2025-12-08 21:04:29+00,Sarah,OP3,,536713-002,MGC2S103985,DG,,
11214,2025-12-08 20:24:48+00,Sarah,OP3,,536713-002,MGC2S103984,DG,,
11205,2025-12-08 19:57:30+00,Sarah,OP3,,536713-002,MGC2S103983,DG,,
11194,2025-12-08 19:33:25+00,Sarah,OP3,,536713-002,MGC2S103982,DG-Filter out,,
11185,2025-12-08 18:55:33+00,Sarah,OP3,,536713-002,MGC2S103981,DG,,
11181,2025-12-08 18:36:54+00,Sarah,OP3,,536713-002,MGC2S103980,DG-Grease,,
11068,2025-12-06 17:04:42+00,Laura,MAIN,,536713-002,MGC2S103979,,,
11067,2025-12-06 17:04:18+00,Laura,MAIN,,536713-002,MGC2S103978,,,
11066,2025-12-06 17:02:22+00,Laura,MAIN,,536713-002,MGC2S103977,,,
11065,2025-12-06 17:01:59+00,Laura,MAIN,,536713-002,MGC2S103976,,,
11064,2025-12-06 17:01:12+00,Laura,MAIN,,536713-002,MGC2S103975,,,
11063,2025-12-06 17:00:59+00,Laura,MAIN,,536713-002,MGC2S103974,,,
11062,2025-12-06 17:00:46+00,Laura,MAIN,,536713-002,MGC2S103973,,,
11033,2025-12-05 19:42:39+00,Laura,MAIN,,536713-002,MGC2S103972,,,
11014,2025-12-05 18:37:01+00,Debbie,MAIN,,536713-002,MGC2S103968,,,
11013,2025-12-05 18:36:45+00,Debbie,MAIN,,536713-002,MGC2S103967,,,
11012,2025-12-05 18:34:31+00,Laura,MAIN,,536713-002,MGC2S103971,,,
11010,2025-12-05 18:34:08+00,Laura,MAIN,,536713-002,MGC2S103970,,,
11009,2025-12-05 18:33:48+00,Laura,MAIN,,536713-002,MGC2S103966,,,
11008,2025-12-05 18:33:35+00,Laura,MAIN,,536713-002,MGC2S103964,,,
11007,2025-12-05 18:33:08+00,Laura,MAIN,,536713-002,MGC2S103969,,,
11006,2025-12-05 18:32:52+00,Laura,MAIN,,536713-002,MGC2S103965,,,
10954,2025-12-04 21:28:51+00,Sarah,OP3,,536713-002,MGC2S103963,,,
10944,2025-12-04 20:30:28+00,Sarah,OP3,,536713-002,MGC2S103962,,,
10943,2025-12-04 20:24:52+00,Debbie,MAIN,,536713-002,MGC2S103960,,,
10936,2025-12-04 20:01:11+00,Debbie,MAIN,,536713-002,MGC2S103959,,,
10932,2025-12-04 19:53:09+00,Sarah,OP3,,536713-002,MGC2S103961,,,
10923,2025-12-04 19:29:49+00,Sarah,OP3,,536713-002,MGC2S103948,,,
10918,2025-12-04 19:12:40+00,Debbie,MAIN,,536713-002,MGC2S103958,,,
10916,2025-12-04 19:08:06+00,Debbie,MAIN,,536713-002,MGC2S103957,,,
10911,2025-12-04 18:29:31+00,Sarah,OP3,,536713-002,MGC2S103947,,,
10903,2025-12-04 18:07:44+00,Debbie,MAIN,,536713-002,MGC2S103956,,,
10901,2025-12-04 18:04:50+00,Debbie,MAIN,,536713-002,MGC2S103955,,,
10898,2025-12-04 18:01:39+00,Debbie,MAIN,,536713-002,MGC2S103954,,,
10894,2025-12-04 17:45:58+00,Sarah,OP3,,536713-002,MGC2S103946,,,
10889,2025-12-04 17:22:43+00,Debbie,MAIN,,536713-002,MGC2S103953,,,
10888,2025-12-04 17:17:27+00,Debbie,MAIN,,536713-002,MGC2S103952,,,
10887,2025-12-04 17:14:31+00,Debbie,MAIN,,536713-002,MGC2S103951,,,
10883,2025-12-04 16:53:48+00,Sarah,OP3,,536713-002,MGC2S103945,,,
10863,2025-12-04 15:24:20+00,Sarah,OP3,,536713-002,MGC2S103944,,,
10854,2025-12-04 14:58:33+00,Sarah,OP3,,536713-002,MGC2S103943,,,
10851,2025-12-04 14:41:56+00,Sarah,OP3,,536713-002,MGC2S103942,,,
10835,2025-12-04 14:02:05+00,Debbie,MAIN,,536713-002,MGC2S103950,,,
10834,2025-12-04 14:00:53+00,Debbie,MAIN,,536713-002,MGC2S103949,,,
10826,2025-12-04 13:17:35+00,Debbie,MAIN,,536713-002,MGC2S103936,,,
10819,2025-12-04 13:00:10+00,Debbie,MAIN,,536713-002,MGC2S103935,,,
10815,2025-12-04 12:49:57+00,Sarah,OP3,,536713-002,MGC2S103941,,,
10809,2025-12-04 12:29:34+00,Sarah,OP3,,536713-002,MGC2S103940,,,
10798,2025-12-03 21:31:57+00,Sarah,OP3,,536713-002,MGC2S103939,,,
10788,2025-12-03 21:04:55+00,Sarah,OP3,,536713-002,MGC2S103938,,,
10786,2025-12-03 20:48:47+00,Sarah,OP3,,536713-002,MGC2S103937,,,
10770,2025-12-03 19:34:00+00,Sarah,OP3,,536713-002,MGC2S103930,,,
10768,2025-12-03 19:31:59+00,Debbie,MAIN,,536713-002,MGC2S103934,,,
10757,2025-12-03 19:03:34+00,Debbie,MAIN,,536713-002,MGC2S103933,,,
10756,2025-12-03 19:03:25+00,Sarah,OP3,,536713-002,MGC2S103929,,,
10751,2025-12-03 18:27:42+00,Sarah,OP3,,536713-002,MGC2S103928,,,
10746,2025-12-03 18:19:30+00,Debbie,MAIN,,536713-002,MGC2S103932,,,
10736,2025-12-03 17:53:10+00,Sarah,OP3,,536713-002,MGC2S103927,,,
10733,2025-12-03 17:43:28+00,Debbie,MAIN,,536713-002,MGC2S103931,,,
10731,2025-12-03 17:35:06+00,Sarah,OP3,,536713-002,MGC2S103926,,,
10727,2025-12-03 17:13:49+00,Sarah,OP3,,536713-002,MGC2S103925,,,
10713,2025-12-03 16:36:32+00,Debbie,MAIN,,536713-002,MGC2S103924,,,
10712,2025-12-03 16:34:53+00,Debbie,MAIN,,536713-002,MGC2S103923,,,
10711,2025-12-03 16:32:52+00,Debbie,MAIN,,536713-002,MGC2S103922,,,
10710,2025-12-03 16:31:22+00,Debbie,MAIN,,536713-002,MGC2S103921,,,
10699,2025-12-03 15:54:23+00,Sarah,OP3,,536713-002,MGC2S103918,,,
10684,2025-12-03 15:13:27+00,Sarah,OP3,,536713-002,MGC2S103917,DG - Grease,,
10677,2025-12-03 14:46:27+00,Sarah,OP3,,536713-002,MGC2S103916,,,
10661,2025-12-03 14:16:30+00,Debbie,MAIN,,536713-002,MGC2S103919,,,
10660,2025-12-03 14:16:12+00,Sarah,OP3,,536713-002,MGC2S103915,,,
10659,2025-12-03 14:13:24+00,Debbie,MAIN,,536713-002,MGC2S103912,,,
10652,2025-12-03 14:04:29+00,Debbie,MAIN,,536713-002,MGC2S103911,,,
10648,2025-12-03 13:52:51+00,Sarah,OP3,,536713-002,MGC2S103914,,,
10643,2025-12-03 13:25:55+00,Debbie,MAIN,,536713-002,MGC2S103910,,,
10637,2025-12-03 12:56:21+00,Sarah,OP3,,536713-002,MGC2S103913,DG-filter out,,
10625,2025-12-03 12:31:34+00,Sarah,OP3,,536713-002,MGC2S103906,DG- filter out,,
10621,2025-12-03 12:08:41+00,Sarah,OP3,,536713-002,MGC2S103905,,,
10613,2025-12-02 21:35:39+00,Debbie,MAIN,,536713-002,MGC2S103909,,,
10612,2025-12-02 21:35:09+00,Debbie,MAIN,,536713-002,MGC2S103908,,,
10610,2025-12-02 21:33:18+00,Debbie,MAIN,,536713-002,MGC2S103907,,,
10601,2025-12-02 21:16:07+00,Sarah,OP3,,536713-002,MGC2S103904,,,
10590,2025-12-02 20:29:18+00,Sarah,OP3,,536713-002,MGC2S103903,DG,,
10584,2025-12-02 20:14:17+00,Debbie,MAIN,,536713-002,MGC2S103900,SO,,
10581,2025-12-02 20:06:40+00,Sarah,OP3,,536713-002,MGC2S103902,,,
10568,2025-12-02 19:24:13+00,Sarah,OP3,,536713-002,MGC2S103901,DG,,
10561,2025-12-02 18:56:37+00,Sarah,OP3,,536713-002,MGC2S103894,,,
10560,2025-12-02 18:53:58+00,Debbie,MAIN,,536713-002,MGC2S103899,SO-DG-Grease,,
10544,2025-12-02 18:01:35+00,Debbie,MAIN,,536713-002,MGC2S103898,SO,,
10543,2025-12-02 18:00:32+00,Sarah,OP3,,536713-002,MGC2S103893,DG,,
10535,2025-12-02 17:38:33+00,Debbie,MAIN,,536713-002,MGC2S103897,,,
10533,2025-12-02 17:34:57+00,Debbie,MAIN,,536713-002,MGC2S103896,,,
10531,2025-12-02 17:27:40+00,Sarah,OP3,,536713-002,MGC2S103892,,,
10516,2025-12-02 16:11:13+00,Sarah,OP3,,536713-002,MGC2S103891,DG-Grease,,
10513,2025-12-02 15:58:27+00,Debbie,MAIN,,536713-002,MGC2S103895,,,
10509,2025-12-02 15:46:07+00,Sarah,OP3,,536713-002,MGC2S103890,,,
10496,2025-12-02 15:21:58+00,Sarah,OP3,,536713-002,MGC2S103889,,,
10487,2025-12-02 15:00:14+00,Sarah,OP3,,536713-002,MGC2S103888,DG,,
10471,2025-12-02 14:18:41+00,Sarah,OP3,,536713-002,MGC2S103887,,,
10452,2025-12-02 13:21:05+00,Sarah,OP3,,536713-002,MGC2S103886,,,
10445,2025-12-02 13:09:34+00,Sarah,OP3,,536713-002,MGC2S103885,,,
10419,2025-12-01 21:43:32+00,Amanda,OP2,,536713-002,MGC2S103884,,,
10418,2025-12-01 21:43:20+00,Amanda,OP2,,536713-002,MGC2S103883,,,
10408,2025-12-01 21:19:50+00,Sarah,OP3,,536713-002,MGC2S103882,,,
10391,2025-12-01 20:26:35+00,Sarah,OP3,,536713-002,MGC2S103881,,,
10389,2025-12-01 20:23:31+00,Amanda,OP2,,536713-002,MGC2S103880,,,
10371,2025-12-01 19:53:38+00,Sarah,OP3,,536713-002,MGC2S103879,,,
10358,2025-12-01 19:03:41+00,Sarah,OP3,,536713-002,MGC2S103876,,,
10355,2025-12-01 18:58:34+00,Amanda,OP2,,536713-002,MGC2S103875,,,
10349,2025-12-01 18:15:27+00,Sarah,OP3,,536713-002,MGC2S103873,,,
10347,2025-12-01 18:12:23+00,Amanda,OP2,,536713-002,MGC2S103874,,,
10328,2025-12-01 17:43:26+00,Sarah,OP3,,536713-002,MGC2S103872,,,
10324,2025-12-01 17:07:35+00,Sarah,OP3,,536713-002,MGC2S103868,,,
10290,2025-12-01 15:25:13+00,Sarah,OP3,,536713-002,MGC2S103867,,,
10283,2025-12-01 14:40:41+00,Sarah,OP3,,536713-002,MGC2S103866,,,
10273,2025-12-01 14:06:03+00,Sarah,OP3,,536713-002,MGC2S103865,,,
10260,2025-12-01 13:20:35+00,Sarah,OP3,,536713-002,MGC2S103878,,,
10249,2025-12-01 12:45:54+00,Sarah,OP3,,536713-002,MGC2S103877,,,
10248,2025-12-01 12:44:21+00,Amanda,OP2,,536713-002,MGC2S103863,,,
10247,2025-12-01 12:41:38+00,Amanda,OP2,,536713-002,MGC2S103862,,,
10236,2025-12-01 11:53:24+00,Sarah,OP3,,536713-002,MGC2103861,,,
10229,2025-11-28 17:08:33+00,Sarah,OP3,,536713-002,MGC2103860,,,
10228,2025-11-28 17:04:08+00,Amanda,OP2,,536713-002,MGC2103871,SO,,
10225,2025-11-28 16:40:08+00,Sarah,OP3,,536713-002,MGC2103859,,,
10223,2025-11-28 16:22:21+00,Amanda,OP2,,536713-002,MGC2103870,SO,,
10214,2025-11-28 15:53:23+00,Sarah,OP3,,536713-002,MGC2103858,,,
10212,2025-11-28 15:28:53+00,Amanda,OP2,,536713-002,MGC2103869,SO,,
10211,2025-11-28 15:22:29+00,Sarah,OP3,,536713-002,MGC2103857,,,
10209,2025-11-28 14:53:25+00,Amanda,OP2,,536713-002,MGC2103856,SO,,
10208,2025-11-28 14:50:26+00,Sarah,OP3,,536713-002,MGC2103844,,,
10206,2025-11-28 14:21:16+00,Sarah,OP3,,536713-002,MGC2103843,,,
10204,2025-11-28 14:18:11+00,Amanda,OP2,,536713-002,MGC2103855,SO,,
10197,2025-11-28 13:49:23+00,Amanda,OP2,,536713-002,MGC2103854,SO,,
10196,2025-11-28 13:48:42+00,Amanda,OP2,,536713-002,MGC2103853,SO,,
10195,2025-11-28 13:30:18+00,Sarah,OP3,,536713-002,MGC2103842,,,
10190,2025-11-28 12:54:02+00,Sarah,OP3,,536713-002,MGC2103841,SO,,
10188,2025-11-28 12:27:51+00,Amanda,OP2,,536713-002,MGC2103852,SO,,
10186,2025-11-28 12:20:32+00,Sarah,OP3,,536713-002,MGC2103840,SO,,
10179,2025-11-26 19:41:36+00,Sarah,OP3,,536713-002,MGC2103839,,,
10169,2025-11-26 19:22:10+00,Amanda,OP2,,536713-002,MGC2103851,SO,,
10162,2025-11-26 18:56:23+00,Sarah,OP3,,536713-002,MGC2103838,,,
10156,2025-11-26 18:43:54+00,Amanda,OP2,,536713-002,MGC2103850,SO,,
10152,2025-11-26 18:14:12+00,Sarah,OP3,,536713-002,MGC2103837,,,
10146,2025-11-26 17:51:17+00,Amanda,OP2,,536713-002,MGC2103849,SO,,
10139,2025-11-26 17:29:00+00,Sarah,OP3,,536713-002,MGC2103836,,,
10133,2025-11-26 17:10:32+00,Amanda,OP2,,536713-002,MGC2103848,SO,,
10125,2025-11-26 16:31:25+00,Sarah,OP3,,536713-002,MGC2103835,,,
10118,2025-11-26 16:05:37+00,Sarah,OP3,,536713-002,MGC2103834,,,
10114,2025-11-26 15:50:28+00,Amanda,OP2,,536713-002,MGC2103847,SO,,
10109,2025-11-26 15:27:23+00,Sarah,OP3,,536713-002,MGC2103833,,,
10105,2025-11-26 15:18:47+00,Amanda,OP2,,536713-002,MGC2103846,SO,,
10099,2025-11-26 15:00:07+00,Sarah,OP3,,536713-002,MGC2103832,,,
10093,2025-11-26 14:39:08+00,Amanda,OP2,,536713-002,MGC2103845,SO,,
10087,2025-11-26 14:23:45+00,Sarah,OP3,,536713-002,MGC2103831,,,
10073,2025-11-26 13:22:42+00,Sarah,OP3,,536713-002,MGC2103830,,,
10058,2025-11-26 12:47:22+00,Sarah,OP3,,536713-002,MGC2103829,,,
10052,2025-11-26 12:08:33+00,Sarah,OP3,,536713-002,MGC2103828,,,
10048,2025-11-26 11:27:16+00,Sarah,OP3,,536713-002,MGC2103827,,,
10047,2025-11-26 11:26:20+00,Sarah,OP3,,536713-002,MGC2103826,,,
10041,2025-11-25 21:13:11+00,Sarah,OP3,,536713-002,MGC2103825,,,
10032,2025-11-25 20:31:30+00,Sarah,OP3,,536713-002,MGC2103824,,,
10013,2025-11-25 19:54:44+00,Sarah,OP3,,536713-002,MGC2103823,,,
10002,2025-11-25 19:38:05+00,Sarah,OP3,,536713-002,MGC2103822,,,
9988,2025-11-25 18:27:26+00,Sarah,OP3,,536713-002,MGC2103821,,,
9978,2025-11-25 17:48:54+00,Sarah,OP3,,536713-002,MGC2103820,,,
9970,2025-11-25 17:16:30+00,Sarah,OP3,,536713-002,MGC2103819,,,
9959,2025-11-25 16:09:50+00,Sarah,OP3,,536713-002,MGC2103818,,,
9946,2025-11-25 15:30:18+00,Sarah,OP3,,536713-002,MGC2103817,,,
9930,2025-11-25 15:01:10+00,Sarah,OP3,,536713-002,MGC2103816,,,
9917,2025-11-25 14:21:39+00,Sarah,OP3,,536713-002,MGC2103814,,,
9916,2025-11-25 14:21:08+00,Sarah,OP3,,536713-002,MGC2103815,,,
9896,2025-11-25 13:16:26+00,Sarah,OP3,,536713-002,MGC2103813,,,
9895,2025-11-25 13:16:21+00,Sarah,OP3,,536713-002,MGC2103812,,,
6556,2025-12-17 12:00:00+00,Debbie G,,,536713-002S,MGC2S104111,,,
6557,2025-12-17 12:00:00+00,Sarah,,,536713-002S,MGC2S104112,,,
6558,2025-12-17 12:00:00+00,Sarah,,,536713-002S,MGC2S104113,,,
6559,2025-12-17 12:00:00+00,Debbie G,,,536713-002S,MGC2S104114,,,
6560,2025-12-17 12:00:00+00,Debbie G,,,536713-002S,MGC2S104115,,,
6561,2025-12-17 12:00:00+00,Sarah,,,536713-002S,MGC2S104116,,,
6884,2025-12-16 10:59:53+00,Evis,MAIN,01008100162502961125120121MGC5S12203,536713-005,MGC5S12203,,,
6883,2025-12-16 10:59:15+00,Evis,MAIN,01008100162502961125120121MGC5S12202,536713-005,MGC5S12202,,,
6882,2025-12-16 10:59:01+00,Evis,MAIN,01008100162502961125120121MGC5S12201,536713-005,MGC5S12201,,,
11110,2025-12-08 14:11:53+00,Althea,OP14,,536713-005,MGC512190,,,
11098,2025-12-08 13:29:22+00,Althea,OP14,,536713-005,MGC512189,,,
11097,2025-12-08 13:29:09+00,Althea,OP14,,536713-005,MGC512188,,,
11077,2025-12-08 12:31:28+00,Althea,OP14,,536713-005,MGC512187,,,
11076,2025-12-08 12:31:22+00,Althea,OP14,,536713-005,MGC512186,,,
11060,2025-12-06 16:51:49+00,Althea,OP14,,536713-005,MGC512185,,,
11056,2025-12-06 15:49:44+00,Althea,OP14,,536713-005,MGC512184,,,
11053,2025-12-06 15:21:31+00,Althea,OP14,,536713-005,MGC512183,,,
11051,2025-12-06 14:50:09+00,Althea,OP14,,536713-005,MGC512182,,,
11049,2025-12-06 14:24:58+00,Althea,OP14,,536713-005,MGC512181,,,
11048,2025-12-06 14:02:14+00,Althea,OP14,,536713-005,MGC512180,,,
11046,2025-12-06 14:01:33+00,Althea,OP14,,536713-005,MGC512179,,,
11042,2025-12-06 12:53:31+00,Althea,OP14,,536713-005,MGC512178,,,
11041,2025-12-06 12:53:02+00,Althea,OP14,,536713-005,MGC512177,,,
11029,2025-12-05 19:29:15+00,Althea,OP14,,536713-005,MGC512176,,,
11027,2025-12-05 19:00:24+00,Althea,OP14,,536713-005,MGC512175,,,
11000,2025-12-05 18:21:59+00,Althea,OP14,,536713-005,MGC512174,,,
10999,2025-12-05 17:56:16+00,Althea,OP14,,536713-005,MGC512173,,,
10996,2025-12-05 17:32:32+00,Althea,OP14,,536713-005,MGC512172,,,
10994,2025-12-05 17:06:55+00,Althea,OP14,,536713-005,MGC512171,,,
10989,2025-12-05 16:12:30+00,Althea,OP14,,536713-005,MGC512170,,,
10986,2025-12-05 15:49:23+00,Althea,OP14,,536713-005,MGC512169,,,
10981,2025-12-05 15:26:07+00,Althea,OP14,,536713-005,MGC512168,,,
10979,2025-12-05 15:03:21+00,Althea,OP14,,536713-005,MGC512167,,,
10973,2025-12-05 14:21:05+00,Althea,OP14,,536713-005,MGC512166,,,
10971,2025-12-05 14:19:35+00,Althea,OP14,,536713-005,MGC512165,,,
10963,2025-12-05 13:26:29+00,Althea,OP14,,536713-005,MGC512164,,,
10962,2025-12-05 13:26:07+00,Althea,OP14,,536713-005,MGC512163,,,
10747,2025-12-03 18:22:25+00,Maria L,OP12,,536713-005,MGC5S12200,,,
10737,2025-12-03 17:58:19+00,Maria L,OP12,,536713-005,MGC5S12199,,,
10722,2025-12-03 16:51:55+00,Maria L,OP12,,536713-005,MGC5S12198,,,
10708,2025-12-03 16:26:12+00,Maria L,OP12,,536713-005,MGC5S12197,,,
10696,2025-12-03 15:48:39+00,Maria L,OP12,,536713-005,MGC5S12196,,,
10687,2025-12-03 15:19:07+00,Maria L,OP12,,536713-005,MGC5S12195,,,
10679,2025-12-03 14:54:18+00,Maria L,OP12,,536713-005,MGC5S12194,,,
10672,2025-12-03 14:30:02+00,Maria L,OP12,,536713-005,MGC5S12193,,,
10653,2025-12-03 14:05:26+00,Maria L,OP12,,536713-005,MGC5S12192,,,
10280,2025-12-01 14:29:42+00,Maria G,OP7,,536713-005,MGC5S12191,,,
12097,2025-12-22 15:50:13.752556+00,Kiara,OP11,01008100162503021125121121MGCK173289,536719-001,MGCK173289,,MGCK173289-OP11-1766418598356,
12096,2025-12-22 15:50:05.890965+00,Maria G,OP7,01008100162503021125121121MGCK173372,536719-001,MGCK173372,,MGCK173372-OP7-1766418599975,
12095,2025-12-22 15:49:07.688485+00,Althea,OP14,01008100162503021125121121MGCK173229,536719-001,MGCK173229,,MGCK173229-OP14-1766418535176,
12094,2025-12-22 15:49:04.564689+00,Althea,OP14,01008100162503021125121121MGCK173228,536719-001,MGCK173228,,MGCK173228-OP14-1766418531973,
12093,2025-12-22 15:48:33.845347+00,Maria G,OP7,01008100162503021125121121MGCK173371,536719-001,MGCK173371,,MGCK173371-OP7-1766418507878,
12092,2025-12-22 15:40:48.7678+00,Maria L,MAIN,01008100162503021125121121MGCK173378,536719-001,MGCK173378,,MGCK173378-MAIN-1766418032428,
12091,2025-12-22 15:27:55.321609+00,Brenda,OP1,01008100162503021125121121MGCK173398,536719-001,MGCK173398,,,
12088,2025-12-22 15:10:52.864977+00,Maria L,MAIN,01008100162503021125121121MGCK173365,536719-001,MGCK173365,,MGCK173365-MAIN-1766416236502,
12087,2025-12-22 15:10:00.833962+00,Evis,MAIN,01008100162503021125121121MGCK173056,536719-001,MGCK173056,,MGCK173056-MAIN-1766416200560,
12085,2025-12-22 15:08:09.968763+00,Evis,MAIN,01008100162503021125121121MGCK173055,536719-001,MGCK173055,,MGCK173055-MAIN-1766416089649,
12084,2025-12-22 15:06:58.702871+00,Evis,MAIN,01008100162503021125121121MGCK173054,536719-001,MGCK173054,,MGCK173054-MAIN-1766416018408,
12082,2025-12-22 15:04:56.150487+00,Laura,MAIN,01008100162503021125121121MGCK1S58107,536719-001,MGCK1S58107,,MGCK1S58107-MAIN-1766415895856,
12080,2025-12-22 15:02:25.236338+00,Laura,MAIN,01008100162503021125121121MGCK1S58108,536719-001,MGCK1S58108,,MGCK1S58108-MAIN-1766415744946,
12079,2025-12-22 15:00:23.516177+00,Laura,MAIN,01008100162503021125121121MGCK1S58114,536719-001,MGCK1S58114,,MGCK1S58114-MAIN-1766415623189,
12078,2025-12-22 14:58:13.466669+00,Laura,MAIN,01008100162503021125121121MGCK1S58113,536719-001,MGCK1S58113,,MGCK1S58113-MAIN-1766415493174,
12077,2025-12-22 14:56:12.252931+00,Laura,MAIN,01008100162503021125121121MGCK1S58112,536719-001,MGCK1S58112,,MGCK1S58112-MAIN-1766415371971,
12074,2025-12-22 14:52:42.770031+00,Laura,MAIN,01008100162503021125121121MGCK1S58111,536719-001,MGCK1S58111,,MGCK1S58111-MAIN-1766415162493,
12073,2025-12-22 14:52:34.463984+00,Maria G,OP7,01008100162503021125121121MGCK173370,536719-001,MGCK173370,,MGCK173370-OP7-1766415148428,
12072,2025-12-22 14:52:21.860893+00,Brenda,OP1,01008100162503021125121121MGCK173397,536719-001,MGCK173397,,,
12071,2025-12-22 14:50:39.348128+00,Laura,MAIN,01008100162503021125121121MGCK1S58109,536719-001,MGCK1S58109,,MGCK1S58109-MAIN-1766415039080,
12070,2025-12-22 14:50:34.787434+00,Maria G,OP7,01008100162503021125121121MGCK173369,536719-001,MGCK173369,,MGCK173369-OP7-1766415028869,
12068,2025-12-22 14:48:24.071439+00,Laura,MAIN,01008100162503021125121121MGCK1S58106,536719-001,MGCK1S58106,,MGCK1S58106-MAIN-1766414903782,
12067,2025-12-22 14:46:26.610965+00,Laura,MAIN,01008100162503021125121121MGCK1S58110,536719-001,MGCK1S58110,,MGCK1S58110-MAIN-1766414786322,
12066,2025-12-22 14:44:45.349888+00,Maria L,MAIN,01008100162503021125121121MGCK173364,536719-001,MGCK173364,,MGCK173364-MAIN-1766414669039,
12065,2025-12-22 14:43:49.498495+00,Laura,MAIN,01008100162503021125121121MGCK1S58105,536719-001,MGCK1S58105,,MGCK1S58105-MAIN-1766414629211,
12062,2025-12-22 14:42:03.515258+00,Kiara,OP11,01008100162503021125121121MGCK173287,536719-001,MGCK173287,,MGCK173287-OP11-1766414508054,
12061,2025-12-22 14:38:05.150015+00,Althea,OP14,01008100162503021125121121MGCK173227,536719-001,MGCK173227,,MGCK173227-OP14-1766414272598,
12060,2025-12-22 14:37:59.917103+00,Althea,OP14,01008100162503021125121121MGCK173226,536719-001,MGCK173226,,MGCK173226-OP14-1766414267332,
12059,2025-12-22 14:20:15.994426+00,Laura,MAIN,01008100162503021125121121MGCK1S58104,536719-001,MGCK1S58104,,MGCK1S58104-MAIN-1766413215684,
12058,2025-12-22 14:20:04.727281+00,Brenda,OP1,01008100162503021125121121MGCK173396,536719-001,MGCK173396,,,
12048,2025-12-22 14:11:43.614009+00,Maria L,MAIN,01008100162503021125121121MGCK173363,536719-001,MGCK173363,,MGCK173363-MAIN-1766412687308,
12045,2025-12-22 14:07:09.338313+00,Kiara,OP11,01008100162503021125121121MGCK173286,536719-001,MGCK173286,,MGCK173286-OP11-1766412413970,
12043,2025-12-22 14:04:09.275057+00,Maria G,OP7,01008100162503021125121121MGCK173368,536719-001,MGCK173368,,MGCK173368-OP7-1766412243358,
12042,2025-12-22 14:02:45.368047+00,Maria G,OP7,01008100162503021125121121MGCK173367,536719-001,MGCK173367,,MGCK173367-OP7-1766412159447,
12041,2025-12-22 14:00:37.269919+00,Maria G,OP7,01008100162503021125121121MGCK173366,536719-001,MGCK173366,,MGCK173366-OP7-1766412031320,
12033,2025-12-22 13:46:07.673136+00,Evis,MAIN,01008100162503021125121121MGCK173053,536719-001,MGCK173053,,MGCK173053-MAIN-1766411167367,
12032,2025-12-22 13:45:41.712338+00,Maria L,MAIN,01008100162503021125121121MGCK173362,536719-001,MGCK173362,,MGCK173362-MAIN-1766411125328,
12031,2025-12-22 13:44:21.09742+00,Brenda,OP1,01008100162503021125121121MGCK173395,536719-001,MGCK173395,,,
12030,2025-12-22 13:41:51.104793+00,Evis,MAIN,01008100162503021125121121MGCK173052,536719-001,MGCK173052,,MGCK173052-MAIN-1766410910764,
12029,2025-12-22 13:38:53.099464+00,Evis,MAIN,01008100162503021125121121MGCK173050,536719-001,MGCK173050,,MGCK173050-MAIN-1766410732819,
12028,2025-12-22 13:36:43.831306+00,Evis,MAIN,01008100162503021125121121MGCK173048,536719-001,MGCK173048,,MGCK173048-MAIN-1766410603549,
12027,2025-12-22 13:35:06.917907+00,Evis,MAIN,01008100162503021125121121MGCK173042,536719-001,MGCK173042,,MGCK173042-MAIN-1766410506634,
12026,2025-12-22 13:33:11.398796+00,Evis,MAIN,01008100162503021125121121MGCK173049,536719-001,MGCK173049,,MGCK173049-MAIN-1766410391096,
12025,2025-12-22 13:29:19.208502+00,Evis,MAIN,01008100162503021125121121MGCK173047,536719-001,MGCK173047,,MGCK173047-MAIN-1766410158925,
12024,2025-12-22 13:26:33.457232+00,Evis,MAIN,01008100162503021125121121MGCK173041,536719-001,MGCK173041,,MGCK173041-MAIN-1766409993169,
12023,2025-12-22 13:23:53.221059+00,Althea,OP14,01008100162503021125121121MGCK173225,536719-001,MGCK173225,,MGCK173225-OP14-1766409820697,
12022,2025-12-22 13:23:48.797165+00,Althea,OP14,01008100162503021125121121MGCK173224,536719-001,MGCK173224,,MGCK173224-OP14-1766409816261,
12021,2025-12-22 13:23:44.209892+00,Althea,OP14,01008100162503021125121121MGCK173223,536719-001,MGCK173223,,MGCK173223-OP14-1766409811595,
12020,2025-12-22 13:22:57.054911+00,Evis,MAIN,01008100162503021125121121MGCK173046,536719-001,MGCK173046,,MGCK173046-MAIN-1766409776767,
12019,2025-12-22 13:19:42.805097+00,Evis,MAIN,01008100162503021125121121MGCK173044,536719-001,MGCK173044,,MGCK173044-MAIN-1766409582490,
12017,2025-12-22 13:11:56.039359+00,Kiara,OP11,01008100162503021125121121MGCK173285,536719-001,MGCK173285,,MGCK173285-OP11-1766409100609,
12016,2025-12-22 13:07:21.675341+00,Maria L,MAIN,01008100162503021125121121MGCK173361,536719-001,MGCK173361,,MGCK173361-MAIN-1766408825387,
12011,2025-12-22 12:52:48.528582+00,Brenda,OP1,01008100162503021125121121MGCK173394,536719-001,MGCK173394,,,
12010,2025-12-22 12:49:11.486559+00,Evis,MAIN,01008100162503021125121121MGCK173043,536719-001,MGCK173043,,MGCK173043-MAIN-1766407751183,
12009,2025-12-22 12:46:36.271638+00,Evis,MAIN,01008100162503021125121121MGCK173051,536719-001,MGCK173051,,MGCK173051-MAIN-1766407595979,
12008,2025-12-22 12:42:27.483572+00,Evis,MAIN,01008100162503021125121121MGCK173045,536719-001,MGCK173045,,MGCK173045-MAIN-1766407347197,
12005,2025-12-22 12:39:17.51499+00,Kiara,OP11,01008100162503021125121121MGCK173284,536719-001,MGCK173284,,MGCK173284-OP11-1766407142151,
12004,2025-12-22 12:33:50.923387+00,Maria L,MAIN,01008100162503021125121121MGCK173360,536719-001,MGCK173360,,MGCK173360-MAIN-1766406814459,
12002,2025-12-22 12:22:24.760601+00,Brenda,OP1,01008100162503021125121121MGCK173393,536719-001,MGCK173393,,,
11996,2025-12-22 12:07:47.931357+00,Maria L,MAIN,01008100162503021125121121MGCK173359,536719-001,MGCK173359,,MGCK173359-MAIN-1766405251561,
11993,2025-12-22 12:03:24.303902+00,Kiara,OP11,01008100162503021125121121MGCK173283,536719-001,MGCK173283,,MGCK173283-OP11-1766404988897,
11992,2025-12-22 11:55:27.177645+00,Brenda,OP1,01008100162503021125121121MGCK173392,536719-001,MGCK173392,,,
11990,2025-12-20 17:56:13.267303+00,Karisha,OP5,01008100162503021125121121MGCK173358,536719-001,MGCK173358,.,MGCK173358-OP5-1766253346362,
11989,2025-12-20 17:31:43.074555+00,Karisha,OP5,01008100162503021125121121MGCK173357,536719-001,MGCK173357,.,MGCK173357-OP5-1766251876244,
11988,2025-12-20 17:19:03.347376+00,Althea,OP14,01008100162503021125121121MGCK173222,536719-001,MGCK173222,,MGCK173222-OP14-1766251137735,
11987,2025-12-20 17:18:59.986437+00,Althea,OP14,01008100162503021125121121MGCK173221,536719-001,MGCK173221,,MGCK173221-OP14-1766251134394,
11986,2025-12-20 16:34:31.256004+00,Karisha,OP5,01008100162503021125121121MGCK173356,536719-001,MGCK173356,.,MGCK173356-OP5-1766248443943,
11985,2025-12-20 16:33:56.571411+00,Karisha,OP5,01008100162503021125121121MGCK173355,536719-001,MGCK173355,.,MGCK173355-OP5-1766248409657,
11984,2025-12-20 15:43:23.448568+00,Althea,OP14,01008100162503021125121121MGCK173220,536719-001,MGCK173220,,MGCK173220-OP14-1766245397913,
11983,2025-12-20 15:11:01.546995+00,Althea,OP14,01008100162503021125121121MGCK173219,536719-001,MGCK173219,,MGCK173219-OP14-1766243455976,
11982,2025-12-20 15:10:56.904378+00,Althea,OP14,01008100162503021125121121MGCK173077,536719-001,MGCK173077,,MGCK173077-OP14-1766243451249,
11977,2025-12-20 14:03:16.690094+00,Althea,OP14,01008100162503021125121121MGCK173076,536719-001,MGCK173076,,MGCK173076-OP14-1766239391132,
11976,2025-12-20 14:03:10.837242+00,Althea,OP14,01008100162503021125121121MGCK173075,536719-001,MGCK173075,,MGCK173075-OP14-1766239385275,
11975,2025-12-20 14:03:02.760798+00,Althea,OP14,01008100162503021125121121MGCK173074,536719-001,MGCK173074,,MGCK173074-OP14-1766239377129,
11974,2025-12-20 11:05:21.207867+00,Evis,MAIN,01008100162503021125121121MGCK173040,536719-001,MGCK173040,,MGCK173040-MAIN-1766228714734,
11973,2025-12-20 11:05:04.236812+00,Evis,MAIN,01008100162503021125121121MGCK173039,536719-001,MGCK173039,,MGCK173039-MAIN-1766228697788,
11972,2025-12-20 11:04:57.080048+00,Evis,MAIN,01008100162503021125121121MGCK173038,536719-001,MGCK173038,,MGCK173038-MAIN-1766228690641,
11971,2025-12-20 11:04:48.983665+00,Evis,MAIN,01008100162503021125121121MGCK173037,536719-001,MGCK173037,,MGCK173037-MAIN-1766228682549,
11970,2025-12-20 11:04:34.027182+00,Evis,MAIN,01008100162503021125121121MGCK173036,536719-001,MGCK173036,,MGCK173036-MAIN-1766228667560,
11969,2025-12-20 11:04:16.587185+00,Evis,MAIN,01008100162503021125121121MGCK173035,536719-001,MGCK173035,,MGCK173035-MAIN-1766228650126,
11968,2025-12-20 11:04:06.757055+00,Evis,MAIN,01008100162503021125121121MGCK173034,536719-001,MGCK173034,,MGCK173034-MAIN-1766228640295,
11967,2025-12-20 11:03:58.74239+00,Evis,MAIN,01008100162503021125121121MGCK173033,536719-001,MGCK173033,,MGCK173033-MAIN-1766228632048,
11966,2025-12-20 11:03:46.2982+00,Evis,MAIN,01008100162503021125121121MGCK173032,536719-001,MGCK173032,,MGCK173032-MAIN-1766228619668,
11965,2025-12-20 11:03:33.831667+00,Evis,MAIN,01008100162503021125121121MGCK173031,536719-001,MGCK173031,,MGCK173031-MAIN-1766228607172,
11964,2025-12-20 11:01:52.82839+00,Evis,MAIN,01008100162503021125121121MGCK1S58103,536719-001,MGCK1S58103,,MGCK1S58103-MAIN-1766228506369,
11963,2025-12-20 11:01:32.283674+00,Evis,MAIN,01008100162503021125121121MGCK1S58102,536719-001,MGCK1S58102,,MGCK1S58102-MAIN-1766228485644,
11962,2025-12-20 11:01:24.721668+00,Evis,MAIN,01008100162503021125121121MGCK1S58101,536719-001,MGCK1S58101,,MGCK1S58101-MAIN-1766228478243,
11961,2025-12-20 11:00:19.2766+00,Evis,MAIN,01008100162503021125121121MGCK1S58100,536719-001,MGCK1S58100,,MGCK1S58100-MAIN-1766228412847,
11960,2025-12-20 11:00:12.961593+00,Evis,MAIN,01008100162503021125121121MGCK1S58099,536719-001,MGCK1S58099,,MGCK1S58099-MAIN-1766228406522,
11959,2025-12-20 11:00:05.330616+00,Evis,MAIN,01008100162503021125121121MGCK1S58098,536719-001,MGCK1S58098,,MGCK1S58098-MAIN-1766228398896,
11958,2025-12-20 10:59:59.802812+00,Evis,MAIN,01008100162503021125121121MGCK1S58097,536719-001,MGCK1S58097,,MGCK1S58097-MAIN-1766228393374,
11957,2025-12-20 10:59:55.154016+00,Evis,MAIN,01008100162503021125121121MGCK1S58096,536719-001,MGCK1S58096,,MGCK1S58096-MAIN-1766228388712,
11956,2025-12-20 10:59:49.554646+00,Evis,MAIN,01008100162503021125121121MGCK1S58095,536719-001,MGCK1S58095,,MGCK1S58095-MAIN-1766228383064,
11949,2025-12-19 19:24:20.52841+00,Kiara,OP11,01008100162503021125121121MGCK173282,536719-001,MGCK173282,,MGCK173282-OP11-1766172257413,
11945,2025-12-19 18:33:15.645343+00,Althea,OP14,01008100162503021125121121MGCK173073,536719-001,MGCK173073,,MGCK173073-OP14-1766169192965,
11944,2025-12-19 18:33:11.755838+00,Althea,OP14,01008100162503021125121121MGCK173072,536719-001,MGCK173072,,MGCK173072-OP14-1766169188978,
11943,2025-12-19 18:29:52.935495+00,Kiara,OP11,01008100162503021125121121MGCK173281,536719-001,MGCK173281,,MGCK173281-OP11-1766168989879,
11939,2025-12-19 17:42:12.26789+00,Kiara,OP11,01008100162503021125121121MGCK173280,536719-001,MGCK173280,,MGCK173280-OP11-1766166129156,
11936,2025-12-19 16:46:58.753929+00,Althea,OP14,01008100162503021125121121MGCK173155,536719-001,MGCK173155,,MGCK173155-OP14-1766162816177,
11935,2025-12-19 16:46:53.445596+00,Althea,OP14,01008100162503021125121121MGCK173154,536719-001,MGCK173154,,MGCK173154-OP14-1766162810857,
11934,2025-12-19 16:46:46.100341+00,Althea,OP14,01008100162503021125121121MGCK173153,536719-001,MGCK173153,,MGCK173153-OP14-1766162803431,
11932,2025-12-19 16:29:38.497146+00,Kiara,OP11,01008100162503021125121121MGCK173279,536719-001,MGCK173279,,MGCK173279-OP11-1766161775414,
11926,2025-12-19 15:45:36.820697+00,Kiara,OP11,01008100162503021125121121MGCK173278,536719-001,MGCK173278,,MGCK173278-OP11-1766159133695,
11921,2025-12-19 15:11:01.538337+00,Althea,OP14,01008100162503021125121121MGCK173152,536719-001,MGCK173152,,MGCK173152-OP14-1766157058973,
11920,2025-12-19 15:10:56.18401+00,Althea,OP14,01008100162503021125121121MGCK173151,536719-001,MGCK173151,,MGCK173151-OP14-1766157053547,
11915,2025-12-19 14:58:54.458023+00,Kiara,OP11,01008100162503021125121121MGCK173277,536719-001,MGCK173277,,MGCK173277-OP11-1766156331420,
11908,2025-12-19 14:13:46.939486+00,Kiara,OP11,01008100162503021125121121MGCK173276,536719-001,MGCK173276,,MGCK173276-OP11-1766153623784,
11905,2025-12-19 13:59:13.77636+00,Althea,OP14,01008100162503021125121121MGCK173150,536719-001,MGCK173150,,MGCK173150-OP14-1766152751187,
11904,2025-12-19 13:59:07.078782+00,Althea,OP14,01008100162503021125121121MGCK173149,536719-001,MGCK173149,,MGCK173149-OP14-1766152744496,
11898,2025-12-19 13:13:04.196176+00,Kiara,OP11,01008100162503021125121121MGCK173275,536719-001,MGCK173275,,MGCK173275-OP11-1766149981152,
11897,2025-12-19 12:57:23.58267+00,Althea,OP14,01008100162503021125121121MGCK173148,536719-001,MGCK173148,,MGCK173148-OP14-1766149040996,
11896,2025-12-19 12:57:18.711734+00,Althea,OP14,01008100162503021125121121MGCK173147,536719-001,MGCK173147,,MGCK173147-OP14-1766149035236,
11894,2025-12-19 12:36:26.663198+00,Kiara,OP11,01008100162503021125121121MGCK173274,536719-001,MGCK173274,,MGCK173274-OP11-1766147783561,
11872,2025-12-18 21:32:35.28489+00,Laura,MAIN,01008100162503021125121121MGCK1S58094,536719-001,MGCK1S58094,,,
11870,2025-12-18 21:26:27.024334+00,Kathy,OP13,01008100162503021125121121MGCK173218,536719-001,MGCK173218,,,
11868,2025-12-18 21:17:41.469881+00,Althea,OP14,01008100162503021125121121MGCK173146,536719-001,MGCK173146,,,
11867,2025-12-18 21:17:37.129611+00,Althea,OP14,01008100162503021125121121MGCK173145,536719-001,MGCK173145,,,
11866,2025-12-18 21:17:26.579258+00,Althea,OP14,01008100162503021125121121MGCK173144,536719-001,MGCK173144,,,
11863,2025-12-18 20:57:08.559339+00,Laura,MAIN,01008100162503021125121121MGCK1S58093,536719-001,MGCK1S58093,,,
11862,2025-12-18 20:56:45.957766+00,Kathy,OP13,01008100162503021125121121MGCK173217,536719-001,MGCK173217,,,
11861,2025-12-18 20:47:06.146355+00,Kiara,OP11,01008100162503021125121121MGCK173273,536719-001,MGCK173273,,,
11860,2025-12-18 20:24:38.401134+00,Laura,MAIN,01008100162503021125121121MGCK1S58092,536719-001,MGCK1S58092,,,
11859,2025-12-18 20:24:14.964744+00,Laura,MAIN,01008100162503021125121121MGCK1S58091,536719-001,MGCK1S58091,,,
11855,2025-12-18 20:15:01.403923+00,Kathy,OP13,01008100162503021125121121MGCK173216,536719-001,MGCK173216,,,
11854,2025-12-18 19:59:29.934818+00,Kiara,OP11,01008100162503021125121121MGCK173272,536719-001,MGCK173272,,,
11848,2025-12-18 19:42:47.749935+00,Kathy,OP13,01008100162503021125121121MGCK173215,536719-001,MGCK173215,,,
11845,2025-12-18 19:21:06.958643+00,Kiara,OP11,01008100162503021125121121MGCK173271,536719-001,MGCK173271,,,
11844,2025-12-18 19:18:27.241256+00,Althea,OP14,01008100162503021125121121MGCK173143,536719-001,MGCK173143,,,
11843,2025-12-18 19:18:16.699935+00,Althea,OP14,01008100162503021125121121MGCK173142,536719-001,MGCK173142,,,
11842,2025-12-18 19:18:05.921797+00,Althea,OP14,01008100162503021125121121MGCK173141,536719-001,MGCK173141,,,
11840,2025-12-18 19:04:59.500969+00,Kathy,OP13,01008100162503021125121121MGCK173214,536719-001,MGCK173214,,,
11838,2025-12-18 18:30:00.93571+00,Kiara,OP11,01008100162503021125121121MGCK173270,536719-001,MGCK173270,,,
11832,2025-12-18 18:06:48.984388+00,Kathy,OP13,01008100162503021125121121MGCK173213,536719-001,MGCK173213,,,
11829,2025-12-18 17:44:33.508129+00,Laura,MAIN,01008100162503021125121121MGCK1S58090,536719-001,MGCK1S58090,,,
11828,2025-12-18 17:44:24.012786+00,Laura,MAIN,01008100162503021125121121MGCK1S58089,536719-001,MGCK1S58089,,,
11827,2025-12-18 17:43:55.355679+00,Kiara,OP11,01008100162503021125121121MGCK173269,536719-001,MGCK173269,,,
11821,2025-12-18 16:58:15.498835+00,Kathy,OP13,01008100162503021125121121MGCK173212,536719-001,MGCK173212,,,
11819,2025-12-18 16:54:03.962691+00,Althea,OP14,01008100162503021125121121MGCK173140,536719-001,MGCK173140,,,
11818,2025-12-18 16:53:57.549611+00,Althea,OP14,01008100162503021125121121MGCK173139,536719-001,MGCK173139,,,
11816,2025-12-18 16:32:54.378822+00,Kiara,OP11,01008100162503021125121121MGCK173268,536719-001,MGCK173268,,,
11815,2025-12-18 16:22:05.52473+00,Kathy,OP13,01008100162503021125121121MGCK173211,536719-001,MGCK173211,,,
11809,2025-12-18 15:53:04.97948+00,Kiara,OP11,01008100162503021125121121MGCK173267,536719-001,MGCK173267,,,
11807,2025-12-18 15:41:37.413805+00,Kathy,OP13,01008100162503021125121121MGCK173210,536719-001,MGCK173210,,,
11802,2025-12-18 15:37:18.176589+00,Laura,MAIN,01008100162503021125121121MGCK1S58088,536719-001,MGCK1S58088,,,
11801,2025-12-18 15:33:54.737508+00,Althea,OP14,01008100162503021125121121MGCK173138,536719-001,MGCK173138,,,
11800,2025-12-18 15:33:47.433482+00,Althea,OP14,01008100162503021125121121MGCK173137,536719-001,MGCK173137,,,
9698,2025-12-18 15:17:53.859511+00,Kiara,OP11,01008100162503021125121121MGCK173266,536719-001,MGCK173266,,,
9693,2025-12-18 15:05:39.625293+00,Kathy,OP13,01008100162503021125121121MGCK173209,536719-001,MGCK173209,,,
9690,2025-12-18 14:43:28.129827+00,Kiara,OP11,01008100162503021125121121MGCK173265,536719-001,MGCK173265,,,
9688,2025-12-18 14:33:52.479594+00,Kathy,OP13,01008100162503021125121121MGCK173208,536719-001,MGCK173208,,,
9687,2025-12-18 14:33:30.16787+00,Althea,OP14,01008100162503021125121121MGCK173136,536719-001,MGCK173136,,,
9686,2025-12-18 14:33:22.605719+00,Althea,OP14,01008100162503021125121121MGCK173135,536719-001,MGCK173135,,,
9685,2025-12-18 14:33:10.000176+00,Althea,OP14,01008100162503021125121121MGCK173134,536719-001,MGCK173134,,,
9684,2025-12-18 14:32:56.201625+00,Laura,MAIN,01008100162503021125121121MGCK1S58087,536719-001,MGCK1S58087,,,
9683,2025-12-18 14:32:44.763109+00,Laura,MAIN,01008100162503021125121121MGCK1S58086,536719-001,MGCK1S58086,,,
9682,2025-12-18 14:32:31.053506+00,Laura,MAIN,01008100162503021125121121MGCK1S58085,536719-001,MGCK1S58085,,,
9679,2025-12-18 14:04:46.590178+00,Kiara,OP11,01008100162503021125121121MGCK173264,536719-001,MGCK173264,,,
9678,2025-12-18 14:01:18.062037+00,Kathy,OP13,01008100162503021125121121MGCK173207,536719-001,MGCK173207,,,
9660,2025-12-18 13:23:16.32088+00,Kathy,OP13,01008100162503021125121121MGCK173206,536719-001,MGCK173206,,,
9658,2025-12-18 13:06:39.669159+00,Kiara,OP11,01008100162503021125121121MGCK173263,536719-001,MGCK173263,,,
9655,2025-12-18 12:50:52.037228+00,Kathy,OP13,01008100162503021125121121MGCK173205,536719-001,MGCK173205,,,
9654,2025-12-18 12:45:18.359645+00,Althea,OP14,01008100162503021125121121MGCK173133,536719-001,MGCK173133,,,
9652,2025-12-18 12:45:14.325958+00,Althea,OP14,01008100162503021125121121MGCK173132,536719-001,MGCK173132,,,
9650,2025-12-18 12:31:16.854171+00,Kiara,OP11,01008100162503021125121121MGCK173262,536719-001,MGCK173262,,,
9648,2025-12-18 12:26:07.156296+00,Kiara,OP11,01008100162503021125121121MGCK173261,536719-001,MGCK173261,,,
9647,2025-12-18 12:17:04.407059+00,Kathy,OP13,01008100162503021125121121MGCK173204,536719-001,MGCK173204,,,
133,2025-12-17 21:36:09.270457+00,Kathy,OP13,01008100162503021125121121MGCK173203,536719-001,MGCK173203,,,
132,2025-12-17 21:35:39.213137+00,Laura,MAIN,01008100162503021125121121MGCK1S58084,536719-001,MGCK1S58084,,,
130,2025-12-17 21:35:07.926151+00,Althea,OP14,01008100162503021125121121MGCK173131,536719-001,MGCK173131,,,
127,2025-12-17 21:33:37.28431+00,Laura,MAIN,01008100162503021125121121MGCK1S58082,536719-001,MGCK1S58082,,,
126,2025-12-17 21:33:23.10178+00,Laura,MAIN,01008100162503021125121121MGCK1S58081,536719-001,MGCK1S58081,,,
7008,2025-12-17 21:17:35+00,Kiara,OP11,01008100162503021125121121MGCK173260,536719-001,MGCK173260,,,
7005,2025-12-17 21:13:51+00,Kathy,OP13,01008100162503021125121121MGCK173192,536719-001,MGCK173192,,,
7002,2025-12-17 21:04:03+00,Maria L,OP12,01008100162503021125121121MGCK173343,536719-001,MGCK173343,,,
121,2025-12-17 20:58:27.519732+00,Maria L,OP12,01008100162503021125121121MGCK173354,536719-001,MGCK173354,,,
120,2025-12-17 20:56:29.68455+00,Kathy,OP13,01008100162503021125121121MGCK173202,536719-001,MGCK173202,,,
119,2025-12-17 20:53:07.805446+00,Althea,OP14,01008100162503021125121121MGCK173130,536719-001,MGCK173130,,,
118,2025-12-17 20:52:57.725207+00,Althea,OP14,01008100162503021125121121MGCK173129,536719-001,MGCK173129,,,
114,2025-12-17 20:45:39.897095+00,Evis,MAIN,01008100162503021125121121MGCK173030,536719-001,MGCK173030,,,
113,2025-12-17 20:45:26.823698+00,Evis,MAIN,01008100162503021125121121MGCK173029,536719-001,MGCK173029,,,
112,2025-12-17 20:45:17.70528+00,Evis,MAIN,01008100162503021125121121MGCK173028,536719-001,MGCK173028,,,
6997,2025-12-17 20:30:24+00,Kathy,OP13,01008100162503021125121121MGCK173191,536719-001,MGCK173191,,,
108,2025-12-17 20:28:59.650652+00,Maria L,OP12,01008100162503021125121121MGCK173353,536719-001,MGCK173353,,,
6578,2025-12-17 20:27:51+00,Althea,OP14,01008100162503021125121121MGCK173120,536719-001,MGCK173120,,,
6996,2025-12-17 20:27:45+00,Althea,OP14,01008100162503021125121121MGCK173119,536719-001,MGCK173119,,,
6995,2025-12-17 20:24:40+00,Kiara,OP11,01008100162503021125121121MGCK173259,536719-001,MGCK173259,,,
6586,2025-12-17 20:19:15+00,Maria L,OP12,01008100162503021125121121MGCK173342,536719-001,MGCK173342,,,
106,2025-12-17 20:12:54.71348+00,Kathy,OP13,01008100162503021125121121MGCK173201,536719-001,MGCK173201,,,
6581,2025-12-17 19:53:11+00,Kathy,OP13,01008100162503021125121121MGCK173190,536719-001,MGCK173190,,,
101,2025-12-17 19:51:31.590082+00,Maria L,OP12,01008100162503021125121121MGCK173352,536719-001,MGCK173352,,,
6583,2025-12-17 19:49:24+00,Kiara,OP11,01008100162503021125121121MGCK173258,536719-001,MGCK173258,,,
6585,2025-12-17 19:39:43+00,Maria L,OP12,01008100162503021125121121MGCK173341,536719-001,MGCK173341,,,
98,2025-12-17 19:37:28.345516+00,Kathy,OP13,01008100162503021125121121MGCK173200,536719-001,MGCK173200,,,
96,2025-12-17 19:31:08.997719+00,Althea,OP14,01008100162503021125121121MGCK173128,536719-001,MGCK173128,,,
92,2025-12-17 19:25:08.097034+00,Maria L,MAIN,01008100162503021125121121MGCK173351,536719-001,MGCK173351,,,
91,2025-12-17 19:25:04.316534+00,Maria L,MAIN,01008100162503021125121121MGCK173350,536719-001,MGCK173350,,,
90,2025-12-17 19:25:01.414455+00,Maria L,MAIN,01008100162503021125121121MGCK173349,536719-001,MGCK173349,,,
89,2025-12-17 19:24:56.67362+00,Maria L,MAIN,01008100162503021125121121MGCK173348,536719-001,MGCK173348,,,
88,2025-12-17 19:24:54.071119+00,Maria L,MAIN,01008100162503021125121121MGCK173347,536719-001,MGCK173347,,,
87,2025-12-17 19:24:46.544043+00,Maria L,MAIN,01008100162503021125121121MGCK173346,536719-001,MGCK173346,,,
86,2025-12-17 19:24:42.796374+00,Maria L,MAIN,01008100162503021125121121MGCK173345,536719-001,MGCK173345,,,
85,2025-12-17 19:24:28.54168+00,Maria L,MAIN,01008100162503021125121121MGCK173344,536719-001,MGCK173344,,,
6577,2025-12-17 19:18:45+00,Althea,OP14,01008100162503021125121121MGCK173118,536719-001,MGCK173118,,,
6576,2025-12-17 19:18:34+00,Althea,OP14,01008100162503021125121121MGCK173117,536719-001,MGCK173117,,,
6579,2025-12-17 19:16:35+00,Kathy,OP13,01008100162503021125121121MGCK173188,536719-001,MGCK173188,,,
6580,2025-12-17 19:16:20+00,Kathy,OP13,01008100162503021125121121MGCK173189,536719-001,MGCK173189,,,
6582,2025-12-17 19:07:56+00,Kiara,OP11,01008100162503021125121121MGCK173257,536719-001,MGCK173257,,,
80,2025-12-17 19:06:31.952419+00,Althea,OP14,01008100162503021125121121MGCK173123,536719-001,MGCK173123,,,
79,2025-12-17 19:06:17.639532+00,Althea,OP14,01008100162503021125121121MGCK173122,536719-001,MGCK173122,,,
77,2025-12-17 19:06:01.235496+00,Althea,OP14,01008100162503021125121121MGCK173121,536719-001,MGCK173121,,,
6584,2025-12-17 19:03:43+00,Maria L,OP12,01008100162503021125121121MGCK173340,536719-001,MGCK173340,,,
76,2025-12-17 19:02:06.450111+00,Kathy,OP13,01008100162503021125121121MGCK173199,536719-001,MGCK173199,,,
75,2025-12-17 18:56:32.326742+00,Althea,OP14,01008100162503021125121121MGCK173127,536719-001,MGCK173127,,,
74,2025-12-17 18:56:19.924863+00,Althea,OP14,01008100162503021125121121MGCK173126,536719-001,MGCK173126,,,
73,2025-12-17 18:56:11.526943+00,Althea,OP14,01008100162503021125121121MGCK173125,536719-001,MGCK173125,,,
72,2025-12-17 18:56:01.116791+00,Althea,OP14,01008100162503021125121121MGCK173124,536719-001,MGCK173124,,,
66,2025-12-17 18:24:07.784383+00,Laura,MAIN,01008100162503021125121121MGCK1S58078,536719-001,MGCK1S58078,,,
65,2025-12-17 18:23:55.818374+00,Laura,MAIN,01008100162503021125121121MGCK1S58077,536719-001,MGCK1S58077,,,
64,2025-12-17 18:23:39.117583+00,Laura,MAIN,01008100162503021125121121MGCK1S58076,536719-001,MGCK1S58076,,,
63,2025-12-17 18:23:30.889812+00,Laura,MAIN,01008100162503021125121121MGCK1S58075,536719-001,MGCK1S58075,,,
62,2025-12-17 18:23:19.656011+00,Laura,MAIN,01008100162503021125121121MGCK1S58074,536719-001,MGCK1S58074,,,
61,2025-12-17 18:23:11.363354+00,Laura,MAIN,01008100162503021125121121MGCK1S58073,536719-001,MGCK1S58073,,,
60,2025-12-17 18:22:59.749509+00,Laura,MAIN,01008100162503021125121121MGCK1S58066,536719-001,MGCK1S58066,,,
59,2025-12-17 18:22:21.449403+00,Evis,MAIN,01008100162503021125121121MGCK173027,536719-001,MGCK173027,,,
6562,2025-12-17 12:00:00+00,Kathy,,,536719-001,MGCK173193,,,
6563,2025-12-17 12:00:00+00,Kathy,,,536719-001,MGCK173194,,,
6564,2025-12-17 12:00:00+00,Kathy,,,536719-001,MGCK173195,,,
6565,2025-12-17 12:00:00+00,Kathy,,,536719-001,MGCK173196,,,
6566,2025-12-17 12:00:00+00,Kathy,,,536719-001,MGCK173197,,,
6567,2025-12-17 12:00:00+00,Evis,,,536719-001,MGCK173018,,,
6568,2025-12-17 12:00:00+00,Evis,,,536719-001,MGCK173019,,,
6569,2025-12-17 12:00:00+00,Evis,MAIN,,536719-001,MGCK173020,,,
6570,2025-12-17 12:00:00+00,Evis,MAIN,,536719-001,MGCK173021,,,
6571,2025-12-17 12:00:00+00,Evis,MAIN,,536719-001,MGCK173022,,,
6572,2025-12-17 12:00:00+00,Evis,,,536719-001,MGCK173023,,,
6573,2025-12-17 12:00:00+00,Evis,,,536719-001,MGCK173024,,,
6574,2025-12-17 12:00:00+00,Evis,,,536719-001,MGCK173025,,,
6575,2025-12-17 12:00:00+00,Evis,,,536719-001,MGCK173026,,,
11796,2025-12-16 17:00:00+00,Evis,MAIN,,536719-001,MGCK173009,Grace missed scan,,
11797,2025-12-16 17:00:00+00,Evis,MAIN,,536719-001,MGCK173016,Grace missed scan,,
11799,2025-12-16 17:00:00+00,Evis,MAIN,,536719-001,MGCK1S58062,Grace missed scan,,
6988,2025-12-16 16:45:57+00,Debbie,MAIN,01008100162503021125121121MGCK1S58068,536719-001,MGCK1S58068,,,
6987,2025-12-16 16:44:48+00,Laura,MAIN,01008100162503021125121121MGCK1S58065,536719-001,MGCK1S58065,,,
6983,2025-12-16 16:17:47+00,Althea,OP14,01008100162503021125121121MGCK173116,536719-001,MGCK173116,,,
6982,2025-12-16 16:17:40+00,Althea,OP14,01008100162503021125121121MGCK173115,536719-001,MGCK173115,,,
6981,2025-12-16 16:17:19+00,Althea,OP14,01008100162503021125121121MGCK173114,536719-001,MGCK173114,,,
6975,2025-12-16 15:59:01+00,Debbie,MAIN,01008100162503021125121121MGCK1S58067,536719-001,MGCK1S58067,,,
6974,2025-12-16 15:58:50+00,Debbie,MAIN,01008100162503021125121121MGCK1S58060,536719-001,MGCK1S58060,,,
6973,2025-12-16 15:58:09+00,Laura,MAIN,01008100162503021125121121MGCK1S58064,536719-001,MGCK1S58064,,,
6972,2025-12-16 15:57:35+00,Laura,MAIN,01008100162503021125121121MGCK1S58063,536719-001,MGCK1S58063,,,
6971,2025-12-16 15:56:53+00,Kathy,OP13,01008100162503021125121121MGCK173187,536719-001,MGCK173187,,,
6970,2025-12-16 15:56:44+00,Laura,MAIN,01008100162503021125121121MGCK1S58061,536719-001,MGCK1S58061,,,
6969,2025-12-16 15:56:33+00,Laura,MAIN,01008100162503021125121121MGCK1S58054,536719-001,MGCK1S58054,,,
6963,2025-12-16 15:45:42+00,Maria L,OP12,01008100162503021125121121MGCK173339,536719-001,MGCK173339,,,
6962,2025-12-16 15:38:57+00,Kiara,OP11,01008100162503021125121121MGCK173256,536719-001,MGCK173256,,,
6961,2025-12-16 15:27:43+00,Laura,MAIN,01008100162503021125121121MGCK1S58053,536719-001,MGCK1S58053,,,
6960,2025-12-16 15:17:50+00,Kathy,OP13,01008100162503021125121121MGCK173186,536719-001,MGCK173186,,,
6952,2025-12-16 14:58:44+00,Maria L,OP12,01008100162503021125121121MGCK173338,536719-001,MGCK173338,,,
6948,2025-12-16 14:47:27+00,Kiara,OP11,01008100162503021125121121MGCK173255,536719-001,MGCK173255,,,
6947,2025-12-16 14:32:12+00,Maria L,OP12,01008100162503021125121121MGCK173337,536719-001,MGCK173337,,,
6944,2025-12-16 14:28:09+00,Kathy,OP13,01008100162503021125121121MGCK173185,536719-001,MGCK173185,,,
6943,2025-12-16 14:25:41+00,Althea,OP14,01008100162503021125121121MGCK173113,536719-001,MGCK173113,,,
6941,2025-12-16 14:25:17+00,Althea,OP14,01008100162503021125121121MGCK173112,536719-001,MGCK173112,,,
6940,2025-12-16 14:16:56+00,Debbie,MAIN,01008100162503021125121121MGCK1S58059,536719-001,MGCK1S58059,,,
6939,2025-12-16 14:16:47+00,Debbie,MAIN,01008100162503021125121121MGCK1S58058,536719-001,MGCK1S58058,,,
6938,2025-12-16 14:16:33+00,Debbie,MAIN,01008100162503021125121121MGCK1S58057,536719-001,MGCK1S58057,,,
6937,2025-12-16 14:16:25+00,Debbie,MAIN,01008100162503021125121121MGCK1S58056,536719-001,MGCK1S58056,,,
6935,2025-12-16 14:05:40+00,Kiara,OP11,01008100162503021125121121MGCK173254,536719-001,MGCK173254,,,
6934,2025-12-16 13:59:58+00,Maria L,OP12,01008100162503021125121121MGCK173336,536719-001,MGCK173336,,,
6932,2025-12-16 13:58:38+00,Kathy,OP13,01008100162503021125121121MGCK173184,536719-001,MGCK173184,,,
6925,2025-12-16 13:18:25+00,Maria L,OP12,01008100162503021125121121MGCK173335,536719-001,MGCK173335,,,
6924,2025-12-16 13:16:35+00,Kathy,OP13,01008100162503021125121121MGCK173183,536719-001,MGCK173183,,,
6923,2025-12-16 13:15:05+00,Althea,OP14,01008100162503021125121121MGCK173111,536719-001,MGCK173111,,,
6922,2025-12-16 13:14:50+00,Althea,OP14,01008100162503021125121121MGCK173110,536719-001,MGCK173110,,,
6921,2025-12-16 13:14:26+00,Althea,OP14,01008100162503021125121121MGCK173109,536719-001,MGCK173109,,,
6920,2025-12-16 13:12:36+00,Kiara,OP11,01008100162503021125121121MGCK173253,536719-001,MGCK173253,,,
6913,2025-12-16 12:48:21+00,Maria L,OP12,01008100162503021125121121MGCK173334,536719-001,MGCK173334,,,
6912,2025-12-16 12:39:33+00,Kathy,OP13,01008100162503021125121121MGCK173182,536719-001,MGCK173182,,,
6910,2025-12-16 12:37:25+00,Kiara,OP11,01008100162503021125121121MGCK173252,536719-001,MGCK173252,,,
6906,2025-12-16 11:48:41+00,Maria L,OP12,01008100162503021125121121MGCK173333,536719-001,MGCK173333,,,
6903,2025-12-16 11:39:35+00,Kathy,OP13,01008100162503021125121121MGCK173181,536719-001,MGCK173181,,,
6899,2025-12-16 11:22:07+00,Kiara,OP11,01008100162503021125121121MGCK173251,536719-001,MGCK173251,,,
6897,2025-12-16 11:19:37+00,Maria L,OP12,01008100162503021125121121MGCK173332,536719-001,MGCK173332,,,
6894,2025-12-16 11:10:18+00,Althea,OP14,01008100162503021125121121MGCK173108,536719-001,MGCK173108,,,
6893,2025-12-16 11:10:11+00,Althea,OP14,01008100162503021125121121MGCK173107,536719-001,MGCK173107,,,
6892,2025-12-16 11:06:31+00,Kathy,OP13,01008100162503021125121121MGCK173180,536719-001,MGCK173180,,,
6890,2025-12-16 11:02:26+00,Laura,MAIN,01008100162503021125121121MGCK1S58052,536719-001,MGCK1S58052,,,
6889,2025-12-16 11:02:17+00,Laura,MAIN,01008100162503021125121121MGCK1S58051,536719-001,MGCK1S58051,,,
6887,2025-12-16 11:01:35+00,Laura,MAIN,01008100162503021125121121MGCK1S58049,536719-001,MGCK1S58049,,,
6886,2025-12-16 11:01:21+00,Laura,MAIN,01008100162503021125121121MGCK1S58050,536719-001,MGCK1S58050,,,
6885,2025-12-16 11:00:20+00,Laura,MAIN,01008100162503021125120921MGCK1S58042,536719-001,MGCK1S58042,,,
6878,2025-12-16 10:57:37+00,Evis,MAIN,01008100162503021125121121MGCK173017,536719-001,MGCK173017,,,
6877,2025-12-16 10:56:43+00,Debbie,MAIN,01008100162503021125121121MGCK1S58055,536719-001,MGCK1S58055,,,
6876,2025-12-16 10:56:10+00,Debbie,MAIN,01008100162503021125120921MGCK1S58048,536719-001,MGCK1S58048,,,
6875,2025-12-16 10:55:52+00,Debbie,MAIN,01008100162503021125120921MGCK1S58047,536719-001,MGCK1S58047,,,
6874,2025-12-16 10:55:45+00,Debbie,MAIN,01008100162503021125120921MGCK1S58046,536719-001,MGCK1S58046,,,
6873,2025-12-16 10:55:18+00,Debbie,MAIN,01008100162503021125120921MGCK1S58045,536719-001,MGCK1S58045,,,
6872,2025-12-16 10:55:05+00,Debbie,MAIN,01008100162503021125120921MGCK1S58044,536719-001,MGCK1S58044,,,
6869,2025-12-16 10:44:06+00,Kiara,OP11,01008100162503021125121121MGCK173250,536719-001,MGCK173250,,,
6868,2025-12-16 10:36:24+00,Maria L,OP12,01008100162503021125121121MGCK173331,536719-001,MGCK173331,,,
6867,2025-12-16 10:34:25+00,Kathy,OP13,01008100162503021125121121MGCK173173,536719-001,MGCK173173,,,
6860,2025-12-16 10:09:54+00,Althea,OP14,01008100162503021125121121MGCK173106,536719-001,MGCK173106,,,
6859,2025-12-16 10:09:24+00,Althea,OP14,01008100162503021125121121MGCK173105,536719-001,MGCK173105,,,
6858,2025-12-16 10:09:00+00,Althea,OP14,01008100162503021125121121MGCK173104,536719-001,MGCK173104,,,
6857,2025-12-16 10:06:22+00,Maria L,OP12,01008100162503021125121121MGCK173330,536719-001,MGCK173330,,,
6854,2025-12-16 09:59:13+00,Kiara,OP11,01008100162503021125121121MGCK173249,536719-001,MGCK173249,,,
6853,2025-12-16 09:51:26+00,Kathy,OP13,01008100162503021125121121MGCK173172,536719-001,MGCK173172,,,
6850,2025-12-16 09:34:57+00,Maria L,OP12,01008100162503021125121121MGCK173329,536719-001,MGCK173329,,,
6847,2025-12-16 09:24:36+00,Kiara,OP11,01008100162503021125121121MGCK173248,536719-001,MGCK173248,,,
6845,2025-12-16 09:21:47+00,Kathy,OP13,01008100162503021125121121MGCK173171,536719-001,MGCK173171,,,
6841,2025-12-16 09:08:43+00,Maria L,OP12,01008100162503021125121121MGCK173328,536719-001,MGCK173328,,,
6835,2025-12-16 08:51:29+00,Kathy,OP13,01008100162503021125121121MGCK173170,536719-001,MGCK173170,,,
6834,2025-12-16 08:49:26+00,Kiara,OP11,01008100162503021125121121MGCK173247,536719-001,MGCK173247,,,
6829,2025-12-16 08:26:32+00,Maria L,OP12,01008100162503021125121121MGCK173327,536719-001,MGCK173327,,,
6828,2025-12-16 08:18:12+00,Althea,OP14,01008100162503021125121121MGCK173103,536719-001,MGCK173103,,,
6827,2025-12-16 08:18:04+00,Althea,OP14,01008100162503021125121121MGCK173102,536719-001,MGCK173102,,,
6826,2025-12-16 08:17:55+00,Althea,OP14,01008100162503021125121121MGCK173101,536719-001,MGCK173101,,,
6824,2025-12-16 08:14:39+00,Kathy,OP13,01008100162503021125121121MGCK173169,536719-001,MGCK173169,,,
6822,2025-12-16 07:57:25+00,Maria L,OP12,01008100162503021125121121MGCK173326,536719-001,MGCK173326,,,
6819,2025-12-16 07:47:14+00,Kathy,OP13,01008100162503021125121121MGCK173168,536719-001,MGCK173168,,,
6815,2025-12-16 07:40:45+00,Kiara,OP11,01008100162503021125121121MGCK173246,536719-001,MGCK173246,,,
6814,2025-12-16 07:26:57+00,Maria L,OP12,01008100162503021125121121MGCK173325,536719-001,MGCK173325,,,
6812,2025-12-16 07:17:23+00,Kathy,OP13,01008100162503021125121121MGCK173179,536719-001,MGCK173179,,,
6809,2025-12-16 07:00:27+00,Kiara,OP11,01008100162503021125121121MGCK173245,536719-001,MGCK173245,,,
6808,2025-12-16 06:58:21+00,Maria L,OP12,01008100162503021125121121MGCK173324,536719-001,MGCK173324,,,
6803,2025-12-15 16:50:53+00,Althea,OP14,01008100162503021125121121MGCK173100,536719-001,MGCK173100,,,
6802,2025-12-15 16:49:30+00,Laura,MAIN,01008100162503021125120921MGCK1S58041,536719-001,MGCK1S58041,,,
6801,2025-12-15 16:49:04+00,Laura,MAIN,01008100162503021125120921MGCK1S58040,536719-001,MGCK1S58040,,,
6800,2025-12-15 16:48:38+00,Laura,MAIN,01008100162503021125120921MGCK1S58039,536719-001,MGCK1S58039,,,
6799,2025-12-15 16:48:26+00,Laura,MAIN,01008100162503021125120921MGCK1S58038,536719-001,MGCK1S58038,,,
6798,2025-12-15 16:48:08+00,Laura,MAIN,01008100162503021125120921MGCK1S58037,536719-001,MGCK1S58037,,,
6797,2025-12-15 16:47:40+00,Debbie,MAIN,01008100162503021125120921MGCK1S58043,536719-001,MGCK1S58043,,,
6796,2025-12-15 16:47:00+00,Evis,MAIN,01008100162503021125121121MGCK173015,536719-001,MGCK173015,,,
6795,2025-12-15 16:46:14+00,Evis,MAIN,01008100162503021125121121MGCK173014,536719-001,MGCK173014,,,
6794,2025-12-15 16:39:16+00,Kathy,OP13,01008100162503021125121121MGCK173178,536719-001,MGCK173178,,,
6793,2025-12-15 16:36:23+00,Evis,MAIN,01008100162503021125121121MGCK173013,536719-001,MGCK173013,,,
6792,2025-12-15 16:34:05+00,Evis,MAIN,01008100162503021125121121MGCK173012,536719-001,MGCK173012,,,
6791,2025-12-15 16:32:06+00,Debbie,MAIN,01008100162503021125120921MGCK1S58036,536719-001,MGCK1S58036,,,
6790,2025-12-15 16:30:11+00,Debbie,MAIN,01008100162503021125120921MGCK1S58035,536719-001,MGCK1S58035,,,
6789,2025-12-15 16:26:48+00,Debbie,MAIN,01008100162503021125120921MGCK1S58034,536719-001,MGCK1S58034,,,
6787,2025-12-15 16:13:23+00,Althea,OP14,01008100162503021125121121MGCK173099,536719-001,MGCK173099,,,
6786,2025-12-15 16:13:12+00,Althea,OP14,01008100162503021125121121MGCK173098,536719-001,MGCK173098,,,
6785,2025-12-15 16:12:49+00,Althea,OP14,01008100162503021125121121MGCK173097,536719-001,MGCK173097,,,
6784,2025-12-15 16:08:05+00,Kathy,OP13,01008100162503021125121121MGCK173177,536719-001,MGCK173177,,,
6782,2025-12-15 16:02:56+00,Debbie,MAIN,01008100162503021125120921MGCK1S58033,536719-001,MGCK1S58033,,,
6781,2025-12-15 16:01:01+00,Debbie,MAIN,01008100162503021125120921MGCK1S58032,536719-001,MGCK1S58032,,,
6779,2025-12-15 15:55:07+00,Debbie,MAIN,01008100162503021125120921MGCK1S58031,536719-001,MGCK1S58031,,,
6775,2025-12-15 15:43:29+00,Maria L,OP12,01008100162503021125121121MGCK173323,536719-001,MGCK173323,,,
6774,2025-12-15 15:34:09+00,Kiara,OP11,01008100162503021125121121MGCK173244,536719-001,MGCK173244,,,
6773,2025-12-15 15:28:31+00,Evis,MAIN,01008100162503021125121021MGCK173011,536719-001,MGCK173011,,,
6770,2025-12-15 15:23:23+00,Kathy,OP13,01008100162503021125121121MGCK173176,536719-001,MGCK173176,,,
6765,2025-12-15 14:55:58+00,Maria L,OP12,01008100162503021125121121MGCK173322,536719-001,MGCK173322,,,
6764,2025-12-15 14:55:37+00,Kathy,OP13,01008100162503021125121121MGCK173175,536719-001,MGCK173175,,,
6763,2025-12-15 14:54:34+00,Evis,MAIN,01008100162503021125121021MGCK173010,536719-001,MGCK173010,,,
6760,2025-12-15 14:40:56+00,Kiara,OP11,01008100162503021125121121MGCK173243,536719-001,MGCK173243,,,
6759,2025-12-15 14:38:40+00,Debbie,MAIN,01008100162503021125121021MGCK173008,536719-001,MGCK173008,,,
6758,2025-12-15 14:23:32+00,Althea,OP14,01008100162503021125121121MGCK173096,536719-001,MGCK173096,,,
6757,2025-12-15 14:23:27+00,Althea,OP14,01008100162503021125121121MGCK173095,536719-001,MGCK173095,,,
6756,2025-12-15 14:23:18+00,Althea,OP14,01008100162503021GCK173094,536719-001,1GCK173094,,,
6755,2025-12-15 14:22:42+00,Kathy,OP13,01008100162503021125121121MGCK173174,536719-001,MGCK173174,,,
6754,2025-12-15 14:22:06+00,Maria L,OP12,01008100162503021125121121MGCK173321,536719-001,MGCK173321,,,
6751,2025-12-15 14:06:27+00,Kiara,OP11,01008100162503021125121121MGCK173242,536719-001,MGCK173242,,,
6748,2025-12-15 13:51:04+00,Kathy,OP13,01008100162503021125121121MGCK173167,536719-001,MGCK173167,,,
6746,2025-12-15 13:47:30+00,Maria L,OP12,01008100162503021125121121MGCK173320,536719-001,MGCK173320,,,
6743,2025-12-15 13:14:16+00,Kiara,OP11,01008100162503021125121121MGCK173241,536719-001,MGCK173241,,,
6742,2025-12-15 13:11:45+00,Kathy,OP13,01008100162503021125121121MGCK173166,536719-001,MGCK173166,,,
6738,2025-12-15 13:05:53+00,Maria L,OP12,01008100162503021125121121MGCK173319,536719-001,MGCK173319,,,
6736,2025-12-15 12:51:09+00,Althea,OP14,01008100162503021125121121MGCK173093,536719-001,MGCK173093,,,
6733,2025-12-15 12:36:11+00,Kiara,OP11,01008100162503021125121121MGCK173240,536719-001,MGCK173240,,,
6731,2025-12-15 12:33:37+00,Kathy,OP13,01008100162503021125121121MGCK173165,536719-001,MGCK173165,,,
6728,2025-12-15 12:00:23+00,Maria L,OP12,01008100162503021125121121MGCK173318,536719-001,MGCK173318,,,
6726,2025-12-15 11:50:28+00,Debbie,MAIN,01008100162503021125120921MGCK1S58024,536719-001,MGCK1S58024,,,
6725,2025-12-15 11:50:06+00,Debbie,MAIN,01008100162503021125120921MGCK1S58023,536719-001,MGCK1S58023,,,
6724,2025-12-15 11:50:00+00,Debbie,MAIN,01008100162503021125120921MGCK1S58022,536719-001,MGCK1S58022,,,
6723,2025-12-15 11:49:21+00,Debbie,MAIN,01008100162503021125120921MGCK1S58021,536719-001,MGCK1S58021,,,
6722,2025-12-15 11:49:17+00,Debbie,MAIN,01008100162503021125120921MGCK1S58019,536719-001,MGCK1S58019,,,
6721,2025-12-15 11:49:10+00,Debbie,MAIN,01008100162503021125120921MGCK1S58020,536719-001,MGCK1S58020,,,
6720,2025-12-15 11:49:04+00,Debbie,MAIN,01008100162503021125120921MGCK1S58006,536719-001,MGCK1S58006,,,
6719,2025-12-15 11:47:48+00,Evis,MAIN,01008100162503021125121021MGCK173007,536719-001,MGCK173007,,,
6718,2025-12-15 11:47:41+00,Evis,MAIN,01008100162503021125121021MGCK173006,536719-001,MGCK173006,,,
6717,2025-12-15 11:47:26+00,Evis,MAIN,01008100162503021125121021MGCK173005,536719-001,MGCK173005,,,
6716,2025-12-15 11:47:17+00,Evis,MAIN,01008100162503021125121021MGCK173004,536719-001,MGCK173004,,,
6715,2025-12-15 11:47:07+00,Evis,MAIN,01008100162503021125121021MGCK173003,536719-001,MGCK173003,,,
6714,2025-12-15 11:46:51+00,Evis,MAIN,01008100162503021125121021MGCK173002,536719-001,MGCK173002,,,
6713,2025-12-15 11:46:28+00,Evis,MAIN,01008100162503021125121021MGCK173001,536719-001,MGCK173001,,,
6712,2025-12-15 11:46:22+00,Evis,MAIN,01008100162503021125121021MGCK173000,536719-001,MGCK173000,,,
6711,2025-12-15 11:45:32+00,Laura,MAIN,01008100162503021125120921MGCK1S58029,536719-001,MGCK1S58029,,,
6710,2025-12-15 11:45:23+00,Laura,MAIN,01008100162503021125120921MGCK1S58028,536719-001,MGCK1S58028,,,
6708,2025-12-15 11:39:39+00,Althea,OP14,01008100162503021125121121MGCK173092,536719-001,MGCK173092,,,
6707,2025-12-15 11:39:28+00,Althea,OP14,01008100162503021125121121MGCK173091,536719-001,MGCK173091,,,
6706,2025-12-15 11:34:22+00,Kathy,OP13,01008100162503021125121121MGCK173164,536719-001,MGCK173164,,,
6705,2025-12-15 11:21:47+00,Kiara,OP11,01008100162503021125121121MGCK173239,536719-001,MGCK173239,,,
6702,2025-12-15 11:01:59+00,Laura,MAIN,01008100162503021125120921MGCK1S58027,536719-001,MGCK1S58027,,,
6701,2025-12-15 11:00:14+00,Kathy,OP13,01008100162503021125121121MGCK173163,536719-001,MGCK173163,,,
6698,2025-12-15 10:51:18+00,Laura,MAIN,01008100162503021125120921MGCK1S58026,536719-001,MGCK1S58026,,,
6697,2025-12-15 10:51:00+00,Laura,MAIN,01008100162503021125120921MGCK1S58025,536719-001,MGCK1S58025,,,
6696,2025-12-15 10:48:09+00,Maria L,OP12,01008100162503021125121121MGCK173316,536719-001,MGCK173316,,,
6695,2025-12-15 10:40:25+00,Althea,OP14,01008100162503021125121121MGCK173090,536719-001,MGCK173090,,,
6694,2025-12-15 10:39:58+00,Althea,OP14,01008100162503021125121121MGCK173089,536719-001,MGCK173089,,,
6693,2025-12-15 10:39:45+00,Kiara,OP11,01008100162503021125121121MGCK173238,536719-001,MGCK173238,,,
6689,2025-12-15 10:33:32+00,Laura,MAIN,01008100162503021125120921MGCK1S57976,536719-001,MGCK1S57976,,,
6688,2025-12-15 10:29:29+00,Kathy,OP13,01008100162503021125121121MGCK173162,536719-001,MGCK173162,,,
6684,2025-12-15 10:11:26+00,Maria L,OP12,01008100162503021125121121MGCK173315,536719-001,MGCK173315,,,
6677,2025-12-15 10:01:46+00,Kiara,OP11,01008100162503021125121121MGCK173237,536719-001,MGCK173237,,,
6675,2025-12-15 09:57:33+00,Kathy,OP13,01008100162503021125121121MGCK173161,536719-001,MGCK173161,,,
6672,2025-12-15 09:41:14+00,Maria L,OP12,01008100162503021125121121MGCK173314,536719-001,MGCK173314,,,
6670,2025-12-15 09:37:49+00,Althea,OP14,01008100162503021125121121MGCK173088,536719-001,MGCK173088,,,
6669,2025-12-15 09:37:27+00,Althea,OP14,01008100162503021125121121MGCK173087,536719-001,MGCK173087,,,
6668,2025-12-15 09:37:18+00,Althea,OP14,01008100162503021125121121MGCK173086,536719-001,MGCK173086,,,
6667,2025-12-15 09:29:24+00,Kathy,OP13,01008100162503021125121121MGCK173160,536719-001,MGCK173160,,,
6666,2025-12-15 09:28:44+00,Kiara,OP11,01008100162503021125121121MGCK173236,536719-001,MGCK173236,,,
6662,2025-12-15 09:11:53+00,Maria L,OP12,01008100162503021125121121MGCK173313,536719-001,MGCK173313,,,
6660,2025-12-15 09:00:41+00,Kathy,OP13,01008100162503021125121121MGCK173159,536719-001,MGCK173159,,,
6654,2025-12-15 08:48:04+00,Kiara,OP11,01008100162503021125121121MGCK173235,536719-001,MGCK173235,,,
6651,2025-12-15 08:30:39+00,Maria L,OP12,01008100162503021125121121MGCK173312,536719-001,MGCK173312,,,
6649,2025-12-15 08:20:04+00,Kathy,OP13,01008100162503021125121121MGCK173158,536719-001,MGCK173158,,,
6645,2025-12-15 07:57:00+00,Kiara,OP11,01008100162503021125121121MGCK173234,536719-001,MGCK173234,,,
6643,2025-12-15 07:51:02+00,Kathy,OP13,01008100162503021125121121MGCK173157,536719-001,MGCK173157,,,
6642,2025-12-15 07:50:17+00,Althea,OP14,01008100162503021125121121MGCK173085,536719-001,MGCK173085,SO,,
6641,2025-12-15 07:50:05+00,Althea,OP14,01008100162503021125121121MGCK173084,536719-001,MGCK173084,SO,,
6635,2025-12-15 07:15:46+00,Kathy,OP13,01008100162503021125121121MGCK173156,536719-001,MGCK173156,,,
6622,2025-12-15 06:59:19+00,Debbie,MAIN,01008100162503021125120921MGCK1S58005,536719-001,MGCK1S58005,,,
6621,2025-12-15 06:59:13+00,Debbie,MAIN,01008100162503021125120921MGCK1S58004,536719-001,MGCK1S58004,,,
6620,2025-12-15 06:58:53+00,Debbie,MAIN,01008100162503021125120921MGCK1S58003,536719-001,MGCK1S58003,,,
6619,2025-12-15 06:58:47+00,Debbie,MAIN,01008100162503021125120921MGCK1S58002,536719-001,MGCK1S58002,,,
6617,2025-12-15 06:57:13+00,Debbie,MAIN,01008100162503021125120921MGCK1S58001,536719-001,MGCK1S58001,,,
6616,2025-12-15 06:57:07+00,Debbie,MAIN,01008100162503021125120921MGCK1S58000,536719-001,MGCK1S58000,,,
6615,2025-12-15 06:56:55+00,Debbie,MAIN,01008100162503021125120921MGCK1S57999,536719-001,MGCK1S57999,,,
6614,2025-12-15 06:56:48+00,Debbie,MAIN,01008100162503021125120921MGCK1S57998,536719-001,MGCK1S57998,,,
6613,2025-12-15 06:56:29+00,Debbie,MAIN,01008100162503021125120921MGCK1S57997,536719-001,MGCK1S57997,,,
6612,2025-12-15 06:56:20+00,Debbie,MAIN,01008100162503021125120921MGCK1S57996,536719-001,MGCK1S57996,,,
6611,2025-12-15 06:56:10+00,Debbie,MAIN,01008100162503021125120921MGCK1S57995,536719-001,MGCK1S57995,,,
6610,2025-12-15 06:54:29+00,Debbie,MAIN,01008100162503021125120921MGCK1S57982,536719-001,MGCK1S57982,,,
11782,2025-12-12 16:58:09+00,Althea,OP14,,536719-001,MGCK1S58018,SO,,
11781,2025-12-12 16:57:59+00,Althea,OP14,,536719-001,MGCK1S58017,SO,,
11780,2025-12-12 16:57:49+00,Althea,OP14,,536719-001,MGCK1S58016,SO,,
11769,2025-12-12 15:15:14+00,Althea,OP14,,536719-001,MGCK1S58015,SO,,
11768,2025-12-12 15:14:57+00,Althea,OP14,,536719-001,MGCK1S58014,SO,,
11767,2025-12-12 15:14:46+00,Althea,OP14,,536719-001,MGCK1S58012,SO,,
11751,2025-12-12 13:35:53+00,Althea,OP14,,536719-001,MGCK1S58011,SO,,
11750,2025-12-12 13:35:46+00,Althea,OP14,,536719-001,MGCK1S58010,SO,,
11749,2025-12-12 13:35:39+00,Althea,OP14,,536719-001,MGCK1S58009,SO,,
11737,2025-12-11 21:28:54+00,Laura,MAIN,,536719-001,MGCK1S57975,,,
11736,2025-12-11 21:27:12+00,Kathy,OP13,,536719-001,MGCK1S58008,,,
11734,2025-12-11 21:18:58+00,Althea,OP14,,536719-001,MGCK1S58013,SO,,
11732,2025-12-11 20:57:44+00,Kathy,OP13,,536719-001,MGCK1S58007,,,
11727,2025-12-11 20:30:34+00,Althea,OP14,,536719-001,MGCK1S57988,SO,,
11724,2025-12-11 20:21:22+00,Laura,MAIN,,536719-001,MGCK1S57974,,,
11723,2025-12-11 20:17:25+00,Kathy,OP13,,536719-001,MGCK1S57994,,,
11720,2025-12-11 20:07:03+00,Laura,MAIN,,536719-001,MGCK1S57973,,,
11713,2025-12-11 19:48:19+00,Althea,OP14,,536719-001,MGCK1S57987,SO,,
11712,2025-12-11 19:47:46+00,Debbie,MAIN,,536719-001,MGCK1S57981,,,
11711,2025-12-11 19:43:05+00,Laura,MAIN,,536719-001,MGCK1S57972,,,
11710,2025-12-11 19:42:32+00,Kathy,OP13,,536719-001,MGCK1S57993,,,
11708,2025-12-11 19:28:11+00,Debbie,MAIN,,536719-001,MGCK1S57980,,,
11707,2025-12-11 19:27:49+00,Debbie,MAIN,,536719-001,MGCK1S57979,,,
11705,2025-12-11 19:16:36+00,Althea,OP14,,536719-001,MGCK1S57986,SO,,
11700,2025-12-11 19:09:13+00,Kathy,OP13,,536719-001,MGCK1S57992,,,
11698,2025-12-11 18:31:52+00,Althea,OP14,,536719-001,MGCK1S57985,SO,,
11692,2025-12-11 18:08:36+00,Kathy,OP13,,536719-001,MGCK1S57991,,,
11688,2025-12-11 17:58:35+00,Althea,OP14,,536719-001,MGCK1S57984,SO,,
11685,2025-12-11 17:47:53+00,Debbie,MAIN,,536719-001,MGCK1S57978,,,
11684,2025-12-11 17:47:05+00,Laura,MAIN,,536719-001,MGCK1S57971,,,
11682,2025-12-11 17:33:15+00,Kathy,OP13,,536719-001,MGCK1S57990,,,
11677,2025-12-11 17:07:45+00,Debbie,MAIN,,536719-001,MGCK1S57977,,,
11674,2025-12-11 16:39:40+00,Althea,OP14,,536719-001,MGCK1S57983,SO,,
11673,2025-12-11 16:35:54+00,Kathy,OP13,,536719-001,MGCK1S57989,,,
11667,2025-12-11 16:01:51+00,Althea,OP14,,536719-001,MGCK1S57970,SO,,
11666,2025-12-11 16:01:26+00,Kathy,OP13,,536719-001,MGCK1S57962,,,
11665,2025-12-11 15:59:20+00,Kathy,OP13,,536719-001,MGCK1S57964,,,
11663,2025-12-11 15:49:32+00,Debbie,MAIN,,536719-001,MGCK1S57958,,,
11662,2025-12-11 15:49:00+00,Laura,MAIN,,536719-001,MGCK1S57952,,,
11661,2025-12-11 15:48:46+00,Laura,MAIN,,536719-001,MGCK1S57951,,,
11654,2025-12-11 15:33:24+00,Althea,OP14,,536719-001,MGCK1S57969,SO,,
11652,2025-12-11 15:28:49+00,Laura,MAIN,,536719-001,MGCK1S57950,,,
11650,2025-12-11 15:24:26+00,Kathy,OP13,,536719-001,MGCK1S57963,,,
11645,2025-12-11 15:01:54+00,Debbie,MAIN,,536719-001,MGCK1S57957,,,
11640,2025-12-11 14:53:20+00,Althea,OP14,,536719-001,MGCK1S57968,SO,,
11639,2025-12-11 14:53:03+00,Debbie,MAIN,,536719-001,MGCK1S57956,,,
11638,2025-12-11 14:52:29+00,Laura,MAIN,,536719-001,MGCK1S57949,,,
11631,2025-12-11 14:17:08+00,Althea,OP14,,536719-001,MGCK1S57967,SO,,
11629,2025-12-11 14:11:42+00,Kathy,OP13,,536719-001,MGCK1S57961,,,
11627,2025-12-11 14:05:09+00,Debbie,MAIN,,536719-001,MGCK1S57955,,,
11621,2025-12-11 13:47:33+00,Althea,OP14,,536719-001,MGCK1S57966,SO,,
11620,2025-12-11 13:31:28+00,Kathy,OP13,,536719-001,MGCK1S57960,,,
11610,2025-12-11 12:55:45+00,Althea,OP14,,536719-001,MGCK1S57965,SO,,
11609,2025-12-11 12:55:04+00,Debbie,MAIN,,536719-001,MGCK1S57954,,,
11608,2025-12-11 12:53:47+00,Kathy,OP13,,536719-001,MGCK1S57959,,,
11606,2025-12-11 12:50:19+00,Laura,MAIN,,536719-001,MGCK1S57948,,,
11601,2025-12-11 12:29:35+00,Debbie,MAIN,,536719-001,MGCK1S57953,,,
11595,2025-12-10 21:44:09+00,Laura,MAIN,,536719-001,MGCK1S57947,,,
11566,2025-12-10 20:57:45+00,Laura,MAIN,,536719-001,MGCK1S57940,,,
11583,2025-12-10 20:44:58+00,Laura,MAIN,,536719-001,MGCK1S57939,,,
11587,2025-12-10 19:55:45+00,Debbie,MAIN,,536719-001,MGCK1S57946,,,
11577,2025-12-10 19:51:26+00,Debbie,MAIN,,536719-001,MGCK1S57945,,,
11555,2025-12-10 18:59:26+00,Laura,MAIN,,536719-001,MGCK1S57938,,,
11554,2025-12-10 18:56:41+00,Debbie,MAIN,,536719-001,MGCK1S57944,,,
11572,2025-12-10 18:14:18+00,Debbie,MAIN,,536719-001,MGCK1S57943,,,
11536,2025-12-10 17:57:29+00,Laura,MAIN,,536719-001,MGCK1S57937,,,
11560,2025-12-10 17:26:44+00,Brenda,OP1,,536719-001,MGCK157676,,,
11530,2025-12-10 17:14:42+00,Laura,MAIN,,536719-001,MGCK1S57936,,,
11568,2025-12-10 17:02:08+00,Debbie,MAIN,,536719-001,MGCK1S57942,,,
11557,2025-12-10 16:19:53+00,Brenda,OP1,,536719-001,MGCK157675,,,
11514,2025-12-10 16:10:23+00,Debbie,MAIN,,536719-001,MGCK1S57941,,,
11509,2025-12-10 15:47:08+00,Brenda,OP1,,536719-001,MGCK157674,,,
11505,2025-12-10 15:39:07+00,Debbie,MAIN,,536719-001,MGCK1S57934,,,
11504,2025-12-10 15:38:25+00,Laura,MAIN,,536719-001,MGCK1S57935,,,
11498,2025-12-10 15:16:38+00,Althea,OP14,,536719-001,MGCK157673,,,
11497,2025-12-10 15:16:24+00,Althea,OP14,,536719-001,MGCK157672,,,
11493,2025-12-10 15:06:38+00,Debbie,MAIN,,536719-001,MGCK1S57933,,,
11489,2025-12-10 14:54:26+00,Laura,MAIN,,536719-001,MGCK1S57928,,,
11486,2025-12-10 14:40:16+00,Brenda,OP1,,536719-001,MGCK157666,,,
11482,2025-12-10 14:24:35+00,Debbie,MAIN,,536719-001,MGCK1S57932,,,
11474,2025-12-10 14:12:39+00,Debbie,MAIN,,536719-001,MGCK1S57931,,,
11472,2025-12-10 14:08:50+00,Brenda,OP1,,536719-001,MGCK157665,,,
11470,2025-12-10 14:07:06+00,Althea,OP14,,536719-001,MGCK157671,,,
11467,2025-12-10 14:05:42+00,Althea,OP14,,536719-001,MGCK157670,,,
11466,2025-12-10 13:53:05+00,Laura,MAIN,,536719-001,MGCK1S57927,,,
11460,2025-12-10 13:25:25+00,Debbie,MAIN,,536719-001,MGCK1S57930,,,
11458,2025-12-10 13:20:44+00,Brenda,OP1,,536719-001,MGCK157664,,,
11448,2025-12-10 12:54:25+00,Laura,MAIN,,536719-001,MGCK1S57926,,,
11447,2025-12-10 12:49:43+00,Brenda,OP1,,536719-001,MGCK157663,,,
11446,2025-12-10 12:48:43+00,Laura,MAIN,,536719-001,MGCK1S57925,,,
11445,2025-12-10 12:45:54+00,Debbie,MAIN,,536719-001,MGCK1S57929,,,
11442,2025-12-10 12:41:59+00,Althea,OP14,,536719-001,MGCK157669,,,
11441,2025-12-10 12:41:39+00,Althea,OP14,,536719-001,MGCK157668,,,
11435,2025-12-10 12:17:53+00,Brenda,OP1,,536719-001,MGCK157662,,,
11431,2025-12-10 11:44:23+00,Brenda,OP1,,536719-001,MGCK157661,,,
11427,2025-12-09 21:37:54+00,Laura,MAIN,,536719-001,MGCK1S57924,,,
11424,2025-12-09 21:36:18+00,Althea,OP14,,536719-001,MGCK157559,,,
11418,2025-12-09 20:59:03+00,Althea,OP14,,536719-001,MGCK157558,,,
11414,2025-12-09 20:53:24+00,Laura,MAIN,,536719-001,MGCK1S57923,,,
11407,2025-12-09 20:13:09+00,Debbie,MAIN,,536719-001,MGCK1S57922,,,
11405,2025-12-09 20:11:14+00,Laura,MAIN,,536719-001,MGCK1S57916,,,
11403,2025-12-09 20:10:33+00,Brenda,OP1,,536719-001,MGCK157660,,,
11399,2025-12-09 20:04:52+00,Althea,OP14,,536719-001,MGCK157557,,,
11393,2025-12-09 19:40:54+00,Brenda,OP1,,536719-001,MGCK157659,,,
11392,2025-12-09 19:33:40+00,Debbie,MAIN,,536719-001,MGCK1S57921,,,
11391,2025-12-09 19:30:00+00,Althea,OP14,,536719-001,MGCK157556,,,
11386,2025-12-09 19:21:46+00,Debbie,MAIN,,536719-001,MGCK1S57920,,,
11381,2025-12-09 19:12:51+00,Laura,MAIN,,536719-001,MGCK1S57915,,,
11379,2025-12-09 19:07:56+00,Brenda,OP1,,536719-001,MGCK157658,,,
11378,2025-12-09 18:58:49+00,Althea,OP14,,536719-001,MGCK157555,,,
11371,2025-12-09 18:23:18+00,Brenda,OP1,,536719-001,MGCK157657,,,
11367,2025-12-09 18:14:32+00,Althea,OP14,,536719-001,MGCK157554,,,
11362,2025-12-09 18:01:26+00,Debbie,MAIN,,536719-001,MGCK1S57919,,,
11361,2025-12-09 18:00:44+00,Laura,MAIN,,536719-001,MGCK1S57914,,,
11356,2025-12-09 17:46:41+00,Brenda,OP1,,536719-001,MGCK157656,,,
11354,2025-12-09 17:44:47+00,Althea,OP14,,536719-001,MGCK157553,,,
11348,2025-12-09 17:12:55+00,Debbie,MAIN,,536719-001,MGCK1S57918,,,
11347,2025-12-09 17:12:19+00,Brenda,OP1,,536719-001,MGCK157655,,,
11346,2025-12-09 17:03:37+00,Debbie,MAIN,,536719-001,MGCK1S57917,,,
11344,2025-12-09 16:59:22+00,Laura,MAIN,,536719-001,MGCK1S57913,,,
11342,2025-12-09 16:54:59+00,Laura,MAIN,,536719-001,MGCK1S57912,,,
11337,2025-12-09 16:26:04+00,Althea,OP14,,536719-001,MGCK157552,,,
11336,2025-12-09 16:24:14+00,Kiara,OP11,,536719-001,MGCK157367,,,
11333,2025-12-09 16:08:19+00,Brenda,OP1,,536719-001,MGCK157654,,,
11326,2025-12-09 15:49:35+00,Althea,OP14,,536719-001,MGCK157551,,,
11323,2025-12-09 15:46:00+00,Kiara,OP11,,536719-001,MGCK157366,,,
11322,2025-12-09 15:35:48+00,Brenda,OP1,,536719-001,MGCK157653,,,
11317,2025-12-09 15:21:15+00,Debbie,MAIN,,536719-001,MGCK1S57910,,,
11316,2025-12-09 15:18:08+00,Althea,OP14,,536719-001,MGCK157550,,,
11315,2025-12-09 15:12:48+00,Kiara,OP11,,536719-001,MGCK157365,,,
11313,2025-12-09 14:59:23+00,Brenda,OP1,,536719-001,MGCK157652,,,
11303,2025-12-09 14:42:56+00,Debbie,MAIN,,536719-001,MGCK1S57909,,,
11300,2025-12-09 14:40:44+00,Kiara,OP11,,536719-001,MGCK157364,,,
11301,2025-12-09 14:40:44+00,Althea,OP14,,536719-001,MGCK157549,,,
11299,2025-12-09 14:40:22+00,Laura,MAIN,,536719-001,MGCK1S57911,,,
11298,2025-12-09 14:39:47+00,Althea,OP14,,536719-001,MGCK157548,,,
11297,2025-12-09 14:28:03+00,Brenda,OP1,,536719-001,MGCK157651,,,
11292,2025-12-09 14:09:04+00,Kiara,OP11,,536719-001,MGCK157363,,,
11289,2025-12-09 14:00:20+00,Debbie,MAIN,,536719-001,MGCK1S57908,,,
11288,2025-12-09 13:59:17+00,Laura,MAIN,,536719-001,MGCK1S57904,,,
11287,2025-12-09 13:56:53+00,Brenda,OP1,,536719-001,MGCK157650,,,
11281,2025-12-09 13:26:04+00,Althea,OP14,,536719-001,MGCK157547,,,
11280,2025-12-09 13:25:25+00,Althea,OP14,,536719-001,MGCK157546,,,
11276,2025-12-09 13:15:50+00,Kiara,OP11,,536719-001,MGCK157362,,,
11274,2025-12-09 13:13:13+00,Debbie,MAIN,,536719-001,MGCK1S57907,,,
11270,2025-12-09 13:09:47+00,Brenda,OP1,,536719-001,MGCK157649,,,
11268,2025-12-09 12:55:48+00,Laura,MAIN,,536719-001,MGCK1S57903,,,
11263,2025-12-09 12:44:27+00,Kiara,OP11,,536719-001,MGCK157361,,,
11261,2025-12-09 12:40:58+00,Debbie,MAIN,,536719-001,MGCK1S57906,,,
11260,2025-12-09 12:40:00+00,Debbie,MAIN,,536719-001,MGCK1S57905,,,
11258,2025-12-09 12:36:01+00,Brenda,OP1,,536719-001,MGCK157648,,,
11256,2025-12-09 12:34:48+00,Laura,MAIN,,536719-001,MGCK1S57902,,,
11252,2025-12-09 12:21:21+00,Althea,OP14,,536719-001,MGCK157545,,,
11250,2025-12-09 12:20:33+00,Althea,OP14,,536719-001,MGCK157544,,,
11247,2025-12-09 12:08:33+00,Kiara,OP11,,536719-001,MGCK157360,,,
11246,2025-12-09 12:06:48+00,Brenda,OP1,,536719-001,MGCK157647,,,
11241,2025-12-09 11:35:27+00,Brenda,OP1,,536719-001,MGCK157646,,,
11238,2025-12-08 21:39:17+00,Laura,MAIN,,536719-001,MGCK1S57901,,,
11235,2025-12-08 21:30:26+00,Laura,MAIN,,536719-001,MGCK1S57900,,,
11233,2025-12-08 21:23:01+00,Althea,OP14,,536719-001,MGCK157543,,,
11228,2025-12-08 21:18:49+00,Laura,MAIN,,536719-001,MGCK1S57899,,,
11226,2025-12-08 21:08:39+00,Laura,MAIN,,536719-001,MGCK1S57898,,,
11223,2025-12-08 20:49:32+00,Althea,OP14,,536719-001,MGCK157542,,,
11220,2025-12-08 20:43:38+00,Kiara,OP11,,536719-001,MGCK157359,,,
11218,2025-12-08 20:27:36+00,Laura,MAIN,,536719-001,MGCK1S57897,,,
11209,2025-12-08 20:09:45+00,Brenda,OP1,,536719-001,MGCK157645,,,
11206,2025-12-08 20:01:40+00,Althea,OP14,,536719-001,MGCK157541,,,
11202,2025-12-08 19:53:09+00,Kiara,OP11,,536719-001,MGCK157358,,,
11195,2025-12-08 19:36:02+00,Brenda,OP1,,536719-001,MGCK157644,,,
11190,2025-12-08 19:20:21+00,Althea,OP14,,536719-001,MGCK157540,,,
11189,2025-12-08 19:15:49+00,Kiara,OP11,,536719-001,MGCK157357,,,
11186,2025-12-08 18:58:03+00,Brenda,OP1,,536719-001,MGCK157643,,,
11183,2025-12-08 18:49:21+00,Althea,OP14,,536719-001,MGCK157539,,,
11180,2025-12-08 18:29:07+00,Kiara,OP11,,536719-001,MGCK157356,,,
11175,2025-12-08 18:14:09+00,Brenda,OP1,,536719-001,MGCK157642,,,
11172,2025-12-08 18:07:01+00,Althea,OP14,,536719-001,MGCK157538,,,
11167,2025-12-08 17:51:04+00,Kiara,OP11,,536719-001,MGCK157355,,,
11165,2025-12-08 17:41:01+00,Brenda,OP1,,536719-001,MGCK157641,,,
11161,2025-12-08 17:15:44+00,Kiara,OP11,,536719-001,MGCK157354,,,
11159,2025-12-08 17:08:08+00,Brenda,OP1,,536719-001,MGCK157640,,,
11156,2025-12-08 17:00:00+00,Althea,OP14,,536719-001,MGCK157537,,,
11154,2025-12-08 16:50:32+00,Laura,MAIN,,536719-001,MGCK1S57896,,,
11149,2025-12-08 16:27:09+00,Althea,OP14,,536719-001,MGCK157536,,,
11145,2025-12-08 15:59:28+00,Kiara,OP11,,536719-001,MGCK157353,,,
11143,2025-12-08 15:55:30+00,Brenda,OP1,,536719-001,MGCK157639,,,
11142,2025-12-08 15:54:33+00,Laura,MAIN,,536719-001,MGCK1S57895,,,
11141,2025-12-08 15:50:42+00,Althea,OP14,,536719-001,MGCK157535,,,
11132,2025-12-08 15:23:07+00,Brenda,OP1,,536719-001,MGCK157638,,,
11131,2025-12-08 15:20:59+00,Kiara,OP11,,536719-001,MGCK157352,,,
11130,2025-12-08 15:18:46+00,Althea,OP14,,536719-001,MGCK157534,,,
11124,2025-12-08 14:54:01+00,Laura,MAIN,,536719-001,MGCK1S57894,,,
11122,2025-12-08 14:50:48+00,Brenda,OP1,,536719-001,MGCK157637,,,
11120,2025-12-08 14:47:57+00,Kiara,OP11,,536719-001,MGCK157351,,,
11118,2025-12-08 14:47:28+00,Althea,OP14,,536719-001,MGCK157533,,,
11111,2025-12-08 14:18:00+00,Brenda,OP1,,536719-001,MGCK157636,,,
11109,2025-12-08 14:11:25+00,Kiara,OP11,,536719-001,MGCK157350,,,
11107,2025-12-08 14:03:23+00,Laura,MAIN,,536719-001,MGCK1S57893,,,
11096,2025-12-08 13:28:52+00,Brenda,OP1,,536719-001,MGCK157635,,,
11094,2025-12-08 13:20:01+00,Kiara,OP11,,536719-001,MGCK157349,,,
11090,2025-12-08 13:10:25+00,Laura,MAIN,,536719-001,MGCK1S57892,,,
11086,2025-12-08 13:07:55+00,Laura,MAIN,,536719-001,MGCK1S57891,,,
11082,2025-12-08 12:56:33+00,Kathy,OP13,,536719-001,MGCK157463,,,
11080,2025-12-08 12:53:08+00,Brenda,OP1,,536719-001,MGCK157634,,,
11079,2025-12-08 12:44:42+00,Kiara,OP11,,536719-001,MGCK157348,,,
11075,2025-12-08 12:23:22+00,Kathy,OP13,,536719-001,MGCK157462,,,
11072,2025-12-08 12:13:29+00,Brenda,OP1,,536719-001,MGCK157633,,,
11069,2025-12-08 11:40:35+00,Brenda,OP1,,536719-001,MGCK157632,,,
11061,2025-12-06 16:57:31+00,Amanda,OP2,,536719-001,MGCK1S57890,,,
11058,2025-12-06 16:17:34+00,Amanda,OP2,,536719-001,MGCK1S57889,,,
11055,2025-12-06 15:29:32+00,Amanda,OP2,,536719-001,MGCK1S57888,,,
11052,2025-12-06 14:55:44+00,Amanda,OP2,,536719-001,MGCK1S57887,,,
11047,2025-12-06 14:01:50+00,Amanda,OP2,,536719-001,MGCK1S57886,,,
11044,2025-12-06 13:16:06+00,Amanda,OP2,,536719-001,MGCK1S57885,,,
11038,2025-12-06 12:34:13+00,Amanda,OP2,,536719-001,MGCK1S57884,,,
11036,2025-12-06 11:58:32+00,Amanda,OP2,,536719-001,MGCK1S57883,,,
11030,2025-12-05 19:34:19+00,Kiara,OP11,,536719-001,MGCK157347,,,
11026,2025-12-05 18:49:38+00,Kiara,OP11,,536719-001,MGCK157346,,,
11025,2025-12-05 18:49:36+00,Amanda,OP2,,536719-001,MGCK1S57882,,,
11005,2025-12-05 18:32:36+00,Laura,MAIN,,536719-001,MGCK1S57871,,,
11004,2025-12-05 18:32:07+00,Laura,MAIN,,536719-001,MGCK1S57870,,,
10998,2025-12-05 17:53:25+00,Kiara,OP11,,536719-001,MGCK157345,,,
10997,2025-12-05 17:48:14+00,Amanda,OP2,,536719-001,MGCK1S57881,,,
10995,2025-12-05 17:18:13+00,Kiara,OP11,,536719-001,MGCK157344,,,
10993,2025-12-05 17:06:20+00,Amanda,OP2,,536719-001,MGCK1S57880,,,
10988,2025-12-05 16:05:28+00,Kiara,OP11,,536719-001,MGCK157343,,,
10987,2025-12-05 15:59:10+00,Amanda,OP2,,536719-001,MGCK1S57879,,,
10983,2025-12-05 15:28:24+00,Kiara,OP11,,536719-001,MGCK157342,,,
10980,2025-12-05 15:18:46+00,Amanda,OP2,,536719-001,MGCK1S57874,,,
10977,2025-12-05 14:36:05+00,Kiara,OP11,,536719-001,MGCK157341,,,
10976,2025-12-05 14:35:23+00,Amanda,OP2,,536719-001,MGCK1S57873,,,
10970,2025-12-05 13:54:34+00,Amanda,OP2,,536719-001,MGCK1S57872,,,
10969,2025-12-05 13:53:09+00,Kiara,OP11,,536719-001,MGCK157340,,,
10961,2025-12-05 12:57:49+00,Amanda,OP2,,536719-001,MGCK1S57878,,,
10960,2025-12-05 12:16:53+00,Amanda,OP2,,536719-001,MGCK1S57877,,,
10957,2025-12-04 21:42:04+00,Mercedes,OP1,,536719-001,MGCK157631,,,
10956,2025-12-04 21:38:18+00,Amanda,OP2,,536719-001,MGCK1S57876,,,
10955,2025-12-04 21:36:31+00,Kathy,OP13,,536719-001,MGCK157461,,,
10952,2025-12-04 21:09:31+00,Mercedes,OP1,,536719-001,MGCK157630,,,
10951,2025-12-04 21:03:54+00,Kathy,OP13,,536719-001,MGCK157460,,,
10949,2025-12-04 20:55:22+00,Amanda,OP2,,536719-001,MGCK1S57875,,,
10948,2025-12-04 20:51:37+00,Kiara,OP11,,536719-001,MGCK157339,,,
10942,2025-12-04 20:22:46+00,Mercedes,OP1,,536719-001,MGCK157629,,,
10941,2025-12-04 20:20:45+00,Kathy,OP13,,536719-001,MGCK157459,,,
10938,2025-12-04 20:16:49+00,Laura,MAIN,,536719-001,MGCK1S57869,,,
10933,2025-12-04 19:53:21+00,Kiara,OP11,,536719-001,MGCK157338,,,
10930,2025-12-04 19:49:27+00,Kathy,OP13,,536719-001,MGCK157458,,,
10928,2025-12-04 19:43:32+00,Mercedes,OP1,,536719-001,MGCK157628,,,
10924,2025-12-04 19:32:48+00,Laura,MAIN,,536719-001,MGCK1S57862,,,
10921,2025-12-04 19:18:25+00,Kathy,OP13,,536719-001,MGCK157457,,,
10919,2025-12-04 19:14:45+00,Kiara,OP11,,536719-001,MGCK157337,,,
10915,2025-12-04 19:04:44+00,Mercedes,OP1,,536719-001,MGCK157627,,,
10914,2025-12-04 19:03:22+00,Laura,MAIN,,536719-001,MGCK1S57861,,,
10913,2025-12-04 18:50:31+00,Kathy,OP13,,536719-001,MGCK157456,,,
10909,2025-12-04 18:23:25+00,Kiara,OP11,,536719-001,MGCK157336,,,
10908,2025-12-04 18:19:54+00,Mercedes,OP1,,536719-001,MGCK157626,,,
10906,2025-12-04 18:10:25+00,Evis,MAIN,,536719-001,MGCK1S57860,,,
10904,2025-12-04 18:08:27+00,Evis,MAIN,,536719-001,MGCK1S57859,,,
10902,2025-12-04 18:06:56+00,Kathy,OP13,,536719-001,MGCK157455,,,
10896,2025-12-04 17:51:57+00,Amanda,OP2,,536719-001,MGCK1S57868,,,
10893,2025-12-04 17:44:03+00,Mercedes,OP1,,536719-001,MGCK157625,,,
10892,2025-12-04 17:40:52+00,Kiara,OP11,,536719-001,MGCK157335,,,
10890,2025-12-04 17:35:50+00,Kathy,OP13,,536719-001,MGCK157454,,,
10885,2025-12-04 17:08:57+00,Mercedes,OP1,,536719-001,MGCK157624,,,
10882,2025-12-04 16:49:49+00,Evis,MAIN,,536719-001,MGCK1S57858,,,
10881,2025-12-04 16:44:23+00,Kathy,OP13,,536719-001,MGCK157453,,,
10878,2025-12-04 16:28:22+00,Kiara,OP11,,536719-001,MGCK157334,,,
10875,2025-12-04 16:15:16+00,Kathy,OP13,,536719-001,MGCK157452,,,
10869,2025-12-04 15:56:15+00,Kiara,OP11,,536719-001,MGCK157333,,,
10868,2025-12-04 15:53:26+00,Mercedes,OP1,,536719-001,MGCK157623,,,
10867,2025-12-04 15:47:51+00,Amanda,OP2,,536719-001,MGCK1S57867,,,
10866,2025-12-04 15:39:22+00,Kathy,OP13,,536719-001,MGCK157451,,,
10862,2025-12-04 15:23:32+00,Mercedes,OP1,,536719-001,MGCK157622,,,
10860,2025-12-04 15:17:54+00,Kiara,OP11,,536719-001,MGCK157332,,,
10859,2025-12-04 15:04:31+00,Amanda,OP2,,536719-001,MGCK1S57866,,,
10858,2025-12-04 15:04:17+00,Kathy,OP13,,536719-001,MGCK157450,,,
10852,2025-12-04 14:45:35+00,Mercedes,OP1,,536719-001,MGCK157621,,,
10850,2025-12-04 14:40:28+00,Kiara,OP11,,536719-001,MGCK157331,,,
10849,2025-12-04 14:35:16+00,Kathy,OP13,,536719-001,MGCK157449,,,
10844,2025-12-04 14:18:53+00,Evis,MAIN,,536719-001,MGCK1S57857,,,
10843,2025-12-04 14:16:30+00,Mercedes,OP1,,536719-001,MGCK157620,,,
10842,2025-12-04 14:16:06+00,Amanda,OP2,,536719-001,MGCK1S57865,,,
10837,2025-12-04 14:08:29+00,Kiara,OP11,,536719-001,MGCK157330,,,
10836,2025-12-04 14:06:13+00,Kathy,OP13,,536719-001,MGCK157448,,,
10832,2025-12-04 13:56:55+00,Evis,MAIN,,536719-001,MGCK1S57856,,,
10831,2025-12-04 13:46:24+00,Mercedes,OP1,,536719-001,MGCK157619,,,
10830,2025-12-04 13:32:40+00,Kathy,OP13,,536719-001,MGCK157447,,,
10828,2025-12-04 13:24:40+00,Evis,MAIN,,536719-001,MGCK1S57855,,,
10827,2025-12-04 13:21:41+00,Amanda,OP2,,536719-001,MGCK1S57864,,,
10825,2025-12-04 13:11:46+00,Kiara,OP11,,536719-001,MGCK157329,,,
10821,2025-12-04 13:04:54+00,Kathy,OP13,,536719-001,MGCK157446,,,
10817,2025-12-04 12:53:02+00,Mercedes,OP1,,536719-001,MGCK157618,,,
10814,2025-12-04 12:40:28+00,Kathy,OP13,,536719-001,MGCK157445,,,
10813,2025-12-04 12:36:16+00,Kiara,OP11,,536719-001,MGCK157328,,,
10811,2025-12-04 12:31:09+00,Amanda,OP2,,536719-001,MGCK1S57863,,,
10808,2025-12-04 12:28:57+00,Evis,MAIN,,536719-001,MGCK1S57854,,,
10806,2025-12-04 12:01:16+00,Kiara,OP11,,536719-001,MGCK157327,,,
10800,2025-12-03 21:47:01+00,Mercedes,OP1,,536719-001,MGCK157617,,,
10797,2025-12-03 21:30:39+00,Evis,MAIN,,536719-001,MGCK1S57853,,,
10796,2025-12-03 21:27:24+00,Kathy,OP13,,536719-001,MGCK157444,,,
10795,2025-12-03 21:27:06+00,Evis,MAIN,,536719-001,MGCK1S57852,,,
10793,2025-12-03 21:23:12+00,Althea,OP14,,536719-001,MGCK157532,,,
10792,2025-12-03 21:23:03+00,Althea,OP14,,536719-001,MGCK157531,,,
10791,2025-12-03 21:22:39+00,Althea,OP14,,536719-001,MGCK157530,,,
10790,2025-12-03 21:21:07+00,Mercedes,OP1,,536719-001,MGCK157616,,,
10787,2025-12-03 20:48:51+00,Mercedes,OP1,,536719-001,MGCK157615,,,
10784,2025-12-03 20:32:44+00,Kathy,OP13,,536719-001,MGCK157443,,,
10778,2025-12-03 20:01:58+00,Mercedes,OP1,,536719-001,MGCK157614,,,
10776,2025-12-03 19:59:50+00,Kathy,OP13,,536719-001,MGCK157442,,,
10775,2025-12-03 19:59:48+00,Evis,MAIN,,536719-001,MGCK1S57851,,,
10771,2025-12-03 19:41:50+00,Kiara,OP11,,536719-001,MGCK157326,,,
10769,2025-12-03 19:32:08+00,Evis,MAIN,,536719-001,MGCK1S57850,,,
10767,2025-12-03 19:30:49+00,Mercedes,OP1,,536719-001,MGCK157613,,,
10765,2025-12-03 19:28:38+00,Kathy,OP13,,536719-001,MGCK157441,,,
10762,2025-12-03 19:11:37+00,Althea,OP14,,536719-001,MGCK157529,,,
10761,2025-12-03 19:11:26+00,Althea,OP14,,536719-001,MGCK157528,,,
10760,2025-12-03 19:11:17+00,Althea,OP14,,536719-001,MGCK157527,,,
10758,2025-12-03 19:04:36+00,Kiara,OP11,,536719-001,MGCK157325,,,
10755,2025-12-03 19:01:34+00,Kathy,OP13,,536719-001,MGCK157440,,,
10754,2025-12-03 18:58:32+00,Evis,MAIN,,536719-001,MGCK1S57849,,,
10753,2025-12-03 18:54:17+00,Mercedes,OP1,,536719-001,MGCK157612,,,
10745,2025-12-03 18:16:58+00,Evis,MAIN,,536719-001,MGCK1S57848,,,
10744,2025-12-03 18:16:52+00,Kathy,OP13,,536719-001,MGCK157439,,,
10743,2025-12-03 18:13:39+00,Kiara,OP11,,536719-001,MGCK157324,,,
10738,2025-12-03 18:01:38+00,Mercedes,OP1,,536719-001,MGCK157611,,,
10735,2025-12-03 17:49:01+00,Kathy,OP13,,536719-001,MGCK157438,,,
10734,2025-12-03 17:48:59+00,Evis,MAIN,,536719-001,MGCK1S57847,,,
10732,2025-12-03 17:39:12+00,Kiara,OP11,,536719-001,MGCK157323,,,
10730,2025-12-03 17:28:58+00,Evis,MAIN,,536719-001,MGCK1S57846,,,
10729,2025-12-03 17:26:42+00,Mercedes,OP1,,536719-001,MGCK157610,,,
10725,2025-12-03 16:58:36+00,Althea,OP14,,536719-001,MGCK157526,,,
10724,2025-12-03 16:55:11+00,Kathy,OP13,,536719-001,MGCK157437,,,
10723,2025-12-03 16:54:12+00,Mercedes,OP1,,536719-001,MGCK157609,,,
10718,2025-12-03 16:40:25+00,Evis,MAIN,,536719-001,MGCK1S57845,,,
10717,2025-12-03 16:40:06+00,Evis,MAIN,,536719-001,MGCK1S57844,,,
10716,2025-12-03 16:39:54+00,Evis,MAIN,,536719-001,MGCK1S57843,,,
10715,2025-12-03 16:38:28+00,Evis,MAIN,,536719-001,MGCK157838,,,
10707,2025-12-03 16:26:05+00,Kiara,OP11,,536719-001,MGCK157322,,,
10706,2025-12-03 16:25:13+00,Kathy,OP13,,536719-001,MGCK157436,,,
10705,2025-12-03 16:20:24+00,Althea,OP14,,536719-001,MGCK157525,,,
10704,2025-12-03 16:20:14+00,Althea,OP14,,536719-001,MGCK157524,,,
10700,2025-12-03 15:55:28+00,Kathy,OP13,,536719-001,MGCK157435,,,
10697,2025-12-03 15:49:27+00,Kiara,OP11,,536719-001,MGCK157321,,,
10695,2025-12-03 15:43:44+00,Mercedes,OP1,,536719-001,MGCK157608,,,
10691,2025-12-03 15:23:20+00,Kathy,OP13,,536719-001,MGCK157434,,,
10686,2025-12-03 15:13:44+00,Mercedes,OP1,,536719-001,MGCK157607,,,
10685,2025-12-03 15:13:29+00,Althea,OP14,,536719-001,MGCK157523,,,
10683,2025-12-03 15:13:23+00,Mercedes,OP1,,536719-001,MGCK157606,,,
10682,2025-12-03 15:13:03+00,Althea,OP14,,536719-001,MGCK157522,,,
10681,2025-12-03 15:09:20+00,Kiara,OP11,,536719-001,MGCK157320,,,
10680,2025-12-03 14:56:12+00,Kathy,OP13,,536719-001,MGCK157433,,,
10678,2025-12-03 14:50:53+00,Amanda,OP2,,536719-001,MGCK1S57842,,,
10674,2025-12-03 14:37:33+00,Kiara,OP11,,536719-001,MGCK157319,,,
10673,2025-12-03 14:32:35+00,Kathy,OP13,,536719-001,MGCK157432,,,
10671,2025-12-03 14:21:54+00,Evis,MAIN,,536719-001,MGCK157837,,,
10666,2025-12-03 14:19:56+00,Evis,MAIN,,536719-001,MGCK157836,,,
10665,2025-12-03 14:19:31+00,Evis,MAIN,,536719-001,MGCK157834,,,
10664,2025-12-03 14:19:12+00,Evis,MAIN,,536719-001,MGCK157835,,,
10663,2025-12-03 14:18:46+00,Amanda,OP2,,536719-001,MGCK1S57841,,,
10662,2025-12-03 14:18:44+00,Evis,MAIN,,536719-001,MGCK157833,,,
10658,2025-12-03 14:13:10+00,Althea,OP14,,536719-001,MGCK157521,,,
10655,2025-12-03 14:07:13+00,Kathy,OP13,,536719-001,MGCK157431,,,
10654,2025-12-03 14:07:06+00,Mercedes,OP1,,536719-001,MGCK157605,,,
10651,2025-12-03 14:04:00+00,Kiara,OP11,,536719-001,MGCK157318,,,
10646,2025-12-03 13:29:54+00,Amanda,OP2,,536719-001,MGCK1S57840,,,
10645,2025-12-03 13:29:12+00,Kathy,OP13,,536719-001,MGCK157430,,,
10642,2025-12-03 13:24:17+00,Mercedes,OP1,,536719-001,MGCK157604,,,
10641,2025-12-03 13:20:00+00,Althea,OP14,,536719-001,MGCK157520,,,
10639,2025-12-03 13:14:09+00,Kiara,OP11,,536719-001,MGCK157317,,,
10638,2025-12-03 13:01:43+00,Kathy,OP13,,536719-001,MGCK157429,,,
10633,2025-12-03 12:53:28+00,Mercedes,OP1,,536719-001,MGCK157603,,,
10631,2025-12-03 12:47:26+00,Amanda,OP2,,536719-001,MGCK1S57839,,,
10630,2025-12-03 12:41:39+00,Althea,OP14,,536719-001,MGCK157519,,,
10629,2025-12-03 12:41:22+00,Althea,OP14,,536719-001,MGCK157518,,,
10628,2025-12-03 12:38:15+00,Kiara,OP11,,536719-001,MGCK157316,,,
10627,2025-12-03 12:37:23+00,Kathy,OP13,,536719-001,MGCK157428,,,
10623,2025-12-03 12:19:50+00,Mercedes,OP1,,536719-001,MGCK157602,,,
10620,2025-12-03 12:08:10+00,Kathy,OP13,,536719-001,MGCK157427,,,
10619,2025-12-03 12:00:44+00,Kiara,OP11,,536719-001,MGCK157315,,,
10618,2025-12-03 12:00:25+00,Amanda,OP2,,536719-001,MGCK157826,SO,,
10615,2025-12-02 21:47:05+00,Althea,OP14,,536719-001,MGCK157517,,,
10614,2025-12-02 21:46:56+00,Kathy,OP13,,536719-001,MGCK157426,,,
10608,2025-12-02 21:32:18+00,Evis,MAIN,,536719-001,MGCK157832,SO,,
10607,2025-12-02 21:31:29+00,Evis,MAIN,,536719-001,MGCK157831,SO,,
10606,2025-12-02 21:31:18+00,Evis,MAIN,,536719-001,MGCK157830,SO,,
10604,2025-12-02 21:19:56+00,Kathy,OP13,,536719-001,MGCK157425,,,
10600,2025-12-02 21:15:23+00,Althea,OP14,,536719-001,MGCK157516,,,
10599,2025-12-02 21:14:09+00,Amanda,OP2,,536719-001,MGCK157825,SO,,
10598,2025-12-02 20:51:18+00,Kathy,OP13,,536719-001,MGCK157424,,,
10592,2025-12-02 20:35:05+00,Kiara,OP11,,536719-001,MGCK157314,,,
10591,2025-12-02 20:29:39+00,Althea,OP14,,536719-001,MGCK157515,,,
10589,2025-12-02 20:28:19+00,Althea,OP14,,536719-001,MGCK157514,,,
10588,2025-12-02 20:27:46+00,Althea,OP14,,536719-001,MGCK157513,,,
10587,2025-12-02 20:23:05+00,Evis,MAIN,,536719-001,MGCK157829,SO,,
10586,2025-12-02 20:21:18+00,Evis,MAIN,,536719-001,MGCK157828,SO,,
10585,2025-12-02 20:16:06+00,Brenda,OP1,,536719-001,MGCK157601,,,
10582,2025-12-02 20:09:06+00,Amanda,OP2,,536719-001,MGCK157824,SO,,
10580,2025-12-02 20:04:59+00,Kathy,OP13,,536719-001,MGCK157423,,,
10573,2025-12-02 19:42:16+00,Kiara,OP11,,536719-001,MGCK157313,,,
10572,2025-12-02 19:40:50+00,Brenda,OP1,,536719-001,MGCK157600,,,
10570,2025-12-02 19:38:34+00,Kathy,OP13,,536719-001,MGCK157422,,,
10567,2025-12-02 19:18:57+00,Amanda,OP2,,536719-001,MGCK157823,SO,,
10565,2025-12-02 19:07:02+00,Kathy,OP13,,536719-001,MGCK157421,,,
10564,2025-12-02 19:05:54+00,Brenda,OP1,,536719-001,MGCK157599,,,
10563,2025-12-02 19:03:47+00,Kiara,OP11,,536719-001,MGCK157312,,,
10559,2025-12-02 18:51:33+00,Evis,MAIN,,536719-001,MGCK157827,SO,,
10558,2025-12-02 18:48:11+00,Evis,MAIN,,536719-001,MGCK157820,SO,,
10555,2025-12-02 18:27:02+00,Althea,OP14,,536719-001,MGCK157512,,,
10554,2025-12-02 18:25:49+00,Althea,OP14,,536719-001,MGCK157511,,,
10553,2025-12-02 18:23:52+00,Kathy,OP13,,536719-001,MGCK157420,,,
10552,2025-12-02 18:20:34+00,Amanda,OP2,,536719-001,MGCK157822,SO,,
10551,2025-12-02 18:20:17+00,Brenda,OP1,,536719-001,MGCK157598,,,
10547,2025-12-02 18:12:25+00,Kiara,OP11,,536719-001,MGCK157311,,,
10542,2025-12-02 17:58:14+00,Evis,MAIN,,536719-001,MGCK157819,SO,,
10540,2025-12-02 17:52:29+00,Kathy,OP13,,536719-001,MGCK157419,,,
10539,2025-12-02 17:48:36+00,Brenda,OP1,,536719-001,MGCK157597,,,
10538,2025-12-02 17:42:58+00,Evis,MAIN,,536719-001,MGCK157818,SO,,
10536,2025-12-02 17:39:27+00,Kiara,OP11,,536719-001,MGCK157310,,,
10530,2025-12-02 17:26:49+00,Amanda,OP2,,536719-001,MGCK157821,SO,,
10529,2025-12-02 17:17:41+00,Brenda,OP1,,536719-001,MGCK157596,,,
10528,2025-12-02 17:13:55+00,Amanda,OP2,,536719-001,MGCK157814,SO,,
10527,2025-12-02 16:51:30+00,Kathy,OP13,,536719-001,MGCK157418,,,
10522,2025-12-02 16:29:41+00,Althea,OP14,,536719-001,MGCK157510,,,
10521,2025-12-02 16:27:42+00,Althea,OP14,,536719-001,MGCK157509,,,
10519,2025-12-02 16:22:26+00,Kathy,OP13,,536719-001,MGCK157417,,,
10518,2025-12-02 16:21:45+00,Kiara,OP11,,536719-001,MGCK157309,,,
10515,2025-12-02 16:06:16+00,Brenda,OP1,,536719-001,MGCK157595,,,
10512,2025-12-02 15:55:04+00,Kathy,OP13,,536719-001,MGCK157416,,,
10510,2025-12-02 15:48:41+00,Kiara,OP11,,536719-001,MGCK157308,,,
10503,2025-12-02 15:31:54+00,Brenda,OP1,,536719-001,MGCK157594,,,
10502,2025-12-02 15:31:51+00,Evis,MAIN,,536719-001,MGCK157817,SO,,
10501,2025-12-02 15:31:23+00,Evis,MAIN,,536719-001,MGCK157816,SO,,
10499,2025-12-02 15:25:50+00,Kathy,OP13,,536719-001,MGCK157415,,,
10498,2025-12-02 15:24:21+00,Amanda,OP2,,536719-001,MGCK157813,SO,,
10493,2025-12-02 15:12:53+00,Althea,OP14,,536719-001,MGCK157508,,,
10492,2025-12-02 15:11:58+00,Althea,OP14,,536719-001,MGCK157507,,,
10491,2025-12-02 15:09:42+00,Kiara,OP11,,536719-001,MGCK157307,,,
10485,2025-12-02 14:58:14+00,Brenda,OP1,,536719-001,MGCK157593,,,
10484,2025-12-02 14:57:35+00,Kathy,OP13,,536719-001,MGCK157414,,,
10482,2025-12-02 14:50:21+00,Evis,MAIN,,536719-001,MGCK157815,SO,,
10480,2025-12-02 14:37:15+00,Kiara,OP11,,536719-001,MGCK157306,,,
10479,2025-12-02 14:33:59+00,Amanda,OP2,,536719-001,MGCK157812,SO,,
10478,2025-12-02 14:31:38+00,Kathy,OP13,,536719-001,MGCK157413,,,
10474,2025-12-02 14:23:09+00,Brenda,OP1,,536719-001,MGCK157592,,,
10468,2025-12-02 14:15:21+00,Evis,MAIN,,536719-001,MGCK157808,SO,,
10467,2025-12-02 14:12:59+00,Evis,MAIN,,536719-001,MGCK157807,SO,,
10466,2025-12-02 14:06:30+00,Kathy,OP13,,536719-001,MGCK157412,,,
10465,2025-12-02 14:01:25+00,Kiara,OP11,,536719-001,MGCK157305,,,
10462,2025-12-02 13:54:36+00,Amanda,OP2,,536719-001,MGCK157811,SO,,
10461,2025-12-02 13:51:08+00,Brenda,OP1,,536719-001,MGCK157591,,,
10458,2025-12-02 13:33:21+00,Kathy,OP13,,536719-001,MGCK157411,,,
10454,2025-12-02 13:22:55+00,Althea,OP14,,536719-001,MGCK157505,,,
10453,2025-12-02 13:22:44+00,Althea,OP14,,536719-001,MGCK157504,,,
10451,2025-12-02 13:20:30+00,Evis,MAIN,,536719-001,MGCK157806,SO,,
10450,2025-12-02 13:19:36+00,Althea,OP14,,536719-001,MGCK157503,,,
10449,2025-12-02 13:18:07+00,Evis,MAIN,,536719-001,MGCK157805,SO,,
10448,2025-12-02 13:15:54+00,Evis,MAIN,,536719-001,MGCK157804,SO,,
10447,2025-12-02 13:12:18+00,Kiara,OP11,,536719-001,MGCK157304,,,
10442,2025-12-02 13:07:09+00,Kathy,OP13,,536719-001,MGCK157410,,,
10438,2025-12-02 13:06:22+00,Brenda,OP1,,536719-001,MGCK157590,,,
10437,2025-12-02 13:01:59+00,Amanda,OP2,,536719-001,MGCK157810,,,
10432,2025-12-02 12:43:29+00,Brenda,OP1,,536719-001,MGCK157589,,,
10431,2025-12-02 12:43:11+00,Brenda,OP1,,536719-001,MGCK157588,,,
10430,2025-12-02 12:42:20+00,Kathy,OP13,,536719-001,MGCK157409,,,
10429,2025-12-02 12:42:09+00,Kathy,OP13,,536719-001,MGCK157408,,,
10428,2025-12-02 12:40:22+00,Kiara,OP11,,536719-001,MGCK157303,,,
10427,2025-12-02 12:15:43+00,Amanda,OP2,,536719-001,MGCK157809,SO,,
10426,2025-12-02 12:06:19+00,Kiara,OP11,,536719-001,MGCK157302,,,
10423,2025-12-02 11:26:26+00,Brenda,OP1,,536719-001,MGCK157587,,,
10416,2025-12-01 21:37:55+00,Althea,OP14,,536719-001,MGCK157502,,,
10415,2025-12-01 21:37:10+00,Evis,MAIN,,536719-001,MGCK157803,SO,,
10414,2025-12-01 21:35:15+00,Kathy,OP13,,536719-001,MGCK157407,,,
10413,2025-12-01 21:21:33+00,Evis,MAIN,,536719-001,MGCK157802,SO,,
10404,2025-12-01 21:09:43+00,Althea,OP14,,536719-001,MGCK157501,,,
10402,2025-12-01 21:08:18+00,Kathy,OP13,,536719-001,MGCK157406,,,
10400,2025-12-01 20:50:40+00,Evis,MAIN,,536719-001,MGCK157801,SO,,
10399,2025-12-01 20:48:07+00,Evis,MAIN,,536719-001,MGCK157800,SO,,
10398,2025-12-01 20:44:46+00,Evis,MAIN,,536719-001,MGCK157799,SO,,
10396,2025-12-01 20:39:29+00,Kiara,OP11,,536719-001,MGCK157301,,,
10395,2025-12-01 20:32:57+00,Kathy,OP13,,536719-001,MGCK157405,,,
10392,2025-12-01 20:27:19+00,Evis,MAIN,,536719-001,MGCK157798,SO,,
10390,2025-12-01 20:24:01+00,Althea,OP14,,536719-001,MGCK157500,,,
10381,2025-12-01 20:19:33+00,Brenda,OP1,,536719-001,MGCK157586,,,
10373,2025-12-01 20:02:48+00,Kathy,OP13,,536719-001,MGCK157404,,,
10370,2025-12-01 19:46:32+00,Brenda,OP1,,536719-001,MGCK157585,,,
10369,2025-12-01 19:45:28+00,Althea,OP14,,536719-001,MGCK157499,,,
10368,2025-12-01 19:41:23+00,Kiara,OP11,,536719-001,MGCK157300,,,
10363,2025-12-01 19:32:24+00,Kathy,OP13,,536719-001,MGCK157403,,,
10362,2025-12-01 19:12:29+00,Brenda,OP1,,536719-001,MGCK157584,,,
10359,2025-12-01 19:09:17+00,Althea,OP14,,536719-001,MGCK157498,,,
10357,2025-12-01 19:03:40+00,Kiara,OP11,,536719-001,MGCK157299,,,
10356,2025-12-01 19:02:30+00,Kathy,OP13,,536719-001,MGCK157402,,,
10352,2025-12-01 18:24:59+00,Brenda,OP1,,536719-001,MGCK157583,,,
10351,2025-12-01 18:20:47+00,Kathy,OP13,,536719-001,MGCK157401,,,
10350,2025-12-01 18:20:28+00,Althea,OP14,,536719-001,MGCK157497,,,
10348,2025-12-01 18:13:15+00,Kiara,OP11,,536719-001,MGCK157298,,,
10342,2025-12-01 17:55:44+00,Evis,MAIN,,536719-001,MGCK157797,SO,,
10341,2025-12-01 17:55:30+00,Evis,MAIN,,536719-001,MGCK157796,SO,,
10340,2025-12-01 17:55:17+00,Evis,MAIN,,536719-001,MGCK157795,SO,,
10339,2025-12-01 17:55:03+00,Evis,MAIN,,536719-001,MGCK157794,SO,,
10338,2025-12-01 17:54:56+00,Evis,MAIN,,536719-001,MGCK157793,SO,,
10337,2025-12-01 17:54:47+00,Evis,MAIN,,536719-001,MGCK157792,SO,,
10336,2025-12-01 17:54:33+00,Evis,MAIN,,536719-001,MGCK157791,SO,,
10335,2025-12-01 17:54:26+00,Evis,MAIN,,536719-001,MGCK157790,SO,,
10334,2025-12-01 17:54:04+00,Evis,MAIN,,536719-001,MGCK157789,SO,,
10333,2025-12-01 17:53:50+00,Evis,MAIN,,536719-001,MGCK157788,SO,,
10332,2025-12-01 17:53:38+00,Evis,MAIN,,536719-001,MGCK157787,SO,,
10331,2025-12-01 17:53:18+00,Kathy,OP13,,536719-001,MGCK157400,,,
10330,2025-12-01 17:51:55+00,Althea,OP14,,536719-001,MGCK157496,,,
10329,2025-12-01 17:50:50+00,Brenda,OP1,,536719-001,MGCK157582,,,
10327,2025-12-01 17:38:48+00,Kiara,OP11,,536719-001,MGCK157297,,,
10325,2025-12-01 17:09:23+00,Brenda,OP1,,536719-001,MGCK157581,,,
10323,2025-12-01 17:01:51+00,Kathy,OP13,,536719-001,MGCK157399,,,
10321,2025-12-01 16:40:05+00,Althea,OP14,,536719-001,MGCK157495,,,
10320,2025-12-01 16:39:25+00,Althea,OP14,,536719-001,MGCK157494,,,
10316,2025-12-01 16:34:26+00,Kathy,OP13,,536719-001,MGCK157398,,,
10314,2025-12-01 16:27:10+00,Laura,MAIN,,536719-001,MGCK157786,SO,,
10313,2025-12-01 16:26:48+00,Laura,MAIN,,536719-001,MGCK157784,SO,,
10312,2025-12-01 16:25:49+00,Laura,MAIN,,536719-001,MGCK157783,SO,,
10309,2025-12-01 16:03:57+00,Kathy,OP13,,536719-001,MGCK157397,,,
10300,2025-12-01 15:35:33+00,Kathy,OP13,,536719-001,MGCK157396,,,
10294,2025-12-01 15:31:17+00,Althea,OP14,,536719-001,MGCK157493,,,
10292,2025-12-01 15:29:06+00,Laura,MAIN,,536719-001,MGCK157782,SO,,
10291,2025-12-01 15:26:07+00,Brenda,OP1,,536719-001,MGCK157579,,,
10288,2025-12-01 15:06:13+00,Kathy,OP13,,536719-001,MGCK157395,,,
10286,2025-12-01 14:53:04+00,Althea,OP14,,536719-001,MGCK157492,,,
10285,2025-12-01 14:51:28+00,Brenda,OP1,,536719-001,MGCK157578,,,
10282,2025-12-01 14:38:01+00,Kiara,OP11,,536719-001,MGCK157296,,,
10281,2025-12-01 14:36:40+00,Kathy,OP13,,536719-001,MGCK157394,,,
10276,2025-12-01 14:23:29+00,Althea,OP14,,536719-001,MGCK157491,,,
10275,2025-12-01 14:18:05+00,Brenda,OP1,,536719-001,MGCK157577,,,
10274,2025-12-01 14:09:23+00,Kathy,OP13,,536719-001,MGCK157393,,,
10272,2025-12-01 14:06:01+00,Laura,MAIN,,536719-001,MGCK157781,SO,,
10271,2025-12-01 14:05:17+00,Kiara,OP11,,536719-001,MGCK157295,,,
10267,2025-12-01 13:59:57+00,Laura,MAIN,,536719-001,MGCK157780,SO,,
10265,2025-12-01 13:50:24+00,Althea,OP14,,536719-001,MGCK157490,,,
10263,2025-12-01 13:32:40+00,Kathy,OP13,,536719-001,MGCK157392,,,
10262,2025-12-01 13:27:16+00,Brenda,OP1,,536719-001,MGCK157576,,,
10259,2025-12-01 13:08:56+00,Kiara,OP11,,536719-001,MGCK157294,,,
10258,2025-12-01 13:07:41+00,Althea,OP14,,536719-001,MGCK157489,,,
10255,2025-12-01 13:02:30+00,Kathy,OP13,,536719-001,MGCK157391,,,
10251,2025-12-01 12:52:04+00,Brenda,OP1,,536719-001,MGCK157575,,,
10246,2025-12-01 12:38:47+00,Kathy,OP13,,536719-001,MGCK157390,,,
10245,2025-12-01 12:35:09+00,Kiara,OP11,,536719-001,MGCK157293,,,
10244,2025-12-01 12:34:32+00,Althea,OP14,,536719-001,MGCK157488,,,
10242,2025-12-01 12:18:22+00,Brenda,OP1,,536719-001,MGCK157574,,,
10240,2025-12-01 12:12:20+00,Kathy,OP13,,536719-001,MGCK157389,,,
10239,2025-12-01 12:03:16+00,Kiara,OP11,,536719-001,MGCK157292,,,
10237,2025-12-01 11:57:45+00,Althea,OP14,,536719-001,MGCK157487,,,
10235,2025-12-01 11:44:07+00,Brenda,OP1,,536719-001,MGCK157573,,,
10233,2025-11-28 17:20:01+00,Althea,OP14,,536719-001,MGCK157486,,,
10226,2025-11-28 16:44:45+00,Althea,OP14,,536719-001,MGCK157485,,,
10218,2025-11-28 15:57:34+00,Althea,OP14,,536719-001,MGCK157484,,,
10216,2025-11-28 15:56:47+00,Althea,OP14,,536719-001,MGCK157483,,,
10215,2025-11-28 15:55:54+00,Althea,OP14,,536719-001,MGCK157482,,,
10199,2025-11-28 14:01:16+00,Althea,OP14,,536719-001,MGCK157481,,,
10194,2025-11-28 13:26:01+00,Althea,OP14,,536719-001,MGCK157480,,,
10191,2025-11-28 12:54:27+00,Althea,OP14,,536719-001,MGCK157479,,,
10187,2025-11-28 12:23:58+00,Althea,OP14,,536719-001,MGCK157478,,,
10182,2025-11-26 19:47:06+00,Evis,MAIN,,536719-001,MGCK157779,SO,,
10181,2025-11-26 19:45:26+00,Kathy,OP13,,536719-001,MGCK157388,,,
10180,2025-11-26 19:42:55+00,Mercedes,MAIN,,536719-001,MGCK157572,,,
10178,2025-11-26 19:37:57+00,Laura,MAIN,,536719-001,MGCK157785,SO,,
10176,2025-11-26 19:32:24+00,Kiara,OP11,,536719-001,MGCK157291,,,
10174,2025-11-26 19:27:09+00,Althea,OP14,,536719-001,MGCK157477,,,
10173,2025-11-26 19:26:51+00,Althea,OP14,,536719-001,MGCK157476,,,
10172,2025-11-26 19:26:21+00,Althea,OP14,,536719-001,MGCK157475,,,
10171,2025-11-26 19:25:37+00,Althea,OP14,,536719-001,MGCK157474,,,
10168,2025-11-26 19:18:35+00,Kathy,OP13,,536719-001,MGCK157387,,,
10167,2025-11-26 19:14:32+00,Evis,MAIN,,536719-001,MGCK157778,SO,,
10164,2025-11-26 19:04:36+00,Mercedes,MAIN,,536719-001,MGCK157571,,,
10163,2025-11-26 18:59:09+00,Kiara,OP11,,536719-001,MGCK157290,,,
10161,2025-11-26 18:54:14+00,Laura,MAIN,,536719-001,MGCK157760,SO,,
10159,2025-11-26 18:52:15+00,Kathy,OP13,,536719-001,MGCK157386,,,
10155,2025-11-26 18:43:50+00,Mercedes,MAIN,,536719-001,MGCK157570,,,
10154,2025-11-26 18:15:00+00,Evis,MAIN,,536719-001,MGCK157777,SO,,
10151,2025-11-26 18:12:22+00,Kathy,OP13,,536719-001,MGCK157385,,,
10150,2025-11-26 18:11:17+00,Kiara,OP11,,536719-001,MGCK157289,,,
10148,2025-11-26 17:55:23+00,Mercedes,MAIN,,536719-001,MGCK157569,,,
10147,2025-11-26 17:53:04+00,Evis,MAIN,,536719-001,MGCK157776,SO,,
10143,2025-11-26 17:39:27+00,Kathy,OP13,,536719-001,MGCK157384,,,
10141,2025-11-26 17:32:14+00,Laura,MAIN,,536719-001,MGCK157759,SO,,
10138,2025-11-26 17:28:44+00,Kiara,OP11,,536719-001,MGCK157288,,,
10137,2025-11-26 17:26:08+00,Mercedes,MAIN,,536719-001,MGCK157568,,,
10136,2025-11-26 17:23:07+00,Evis,MAIN,,536719-001,MGCK157775,SO,,
10135,2025-11-26 17:12:32+00,Mercedes,MAIN,,536719-001,MGCK157567,,,
10131,2025-11-26 16:51:08+00,Laura,MAIN,,536719-001,MGCK157758,SO,,
10130,2025-11-26 16:50:39+00,Kathy,OP13,,536719-001,MGCK157383,,,
10129,2025-11-26 16:47:52+00,Evis,MAIN,,536719-001,MGCK157774,SO,,
10128,2025-11-26 16:41:01+00,Evis,MAIN,,536719-001,MGCK157773,SO,,
10127,2025-11-26 16:34:51+00,Mercedes,MAIN,,536719-001,MGCK157566,,,
10124,2025-11-26 16:29:23+00,Mercedes,MAIN,,536719-001,MGCK157565,,,
10123,2025-11-26 16:25:19+00,Althea,OP14,,536719-001,MGCK157473,,,
10122,2025-11-26 16:23:40+00,Kathy,OP13,,536719-001,MGCK157382,,,
10121,2025-11-26 16:16:11+00,Kiara,OP11,,536719-001,MGCK157287,,,
10116,2025-11-26 15:52:26+00,Kathy,OP13,,536719-001,MGCK157381,,,
10115,2025-11-26 15:51:24+00,Althea,OP14,,536719-001,MGCK157472,,,
10113,2025-11-26 15:45:12+00,Laura,MAIN,,536719-001,MGCK157757,SO,,
10111,2025-11-26 15:39:39+00,Kiara,OP11,,536719-001,MGCK157286,,,
10108,2025-11-26 15:26:23+00,Evis,MAIN,,536719-001,MGCK157748,SO,,
10107,2025-11-26 15:22:38+00,Evis,MAIN,,536719-001,MGCK157747,SO,,
10106,2025-11-26 15:19:40+00,Mercedes,MAIN,,536719-001,MGCK157564,,,
10104,2025-11-26 15:18:32+00,Kathy,OP13,,536719-001,MGCK157379,,,
10103,2025-11-26 15:18:31+00,Althea,OP14,,536719-001,MGCK157471,,,
10102,2025-11-26 15:09:56+00,Kiara,OP11,,536719-001,MGCK157285,,,
10096,2025-11-26 14:49:30+00,Kathy,OP13,,536719-001,MGCK157378,,,
10095,2025-11-26 14:43:49+00,Althea,OP14,,536719-001,MGCK157470,,,
10094,2025-11-26 14:41:31+00,Laura,MAIN,,536719-001,MGCK157756,SO,,
10091,2025-11-26 14:37:41+00,Kiara,OP11,,536719-001,MGCK157284,,,
10089,2025-11-26 14:30:12+00,Mercedes,MAIN,,536719-001,MGCK157563,,,
10088,2025-11-26 14:27:09+00,Mercedes,MAIN,,536719-001,MGCK157562,,,
10086,2025-11-26 14:23:15+00,Kathy,OP13,,536719-001,MGCK157377,,,
10085,2025-11-26 14:14:07+00,Mercedes,MAIN,,536719-001,MGCK157561,SO,,
10084,2025-11-26 14:14:02+00,Althea,OP14,,536719-001,MGCK157469,,,
10083,2025-11-26 14:10:51+00,Evis,MAIN,,536719-001,MGCK157772,SO,,
10079,2025-11-26 14:07:18+00,Kiara,OP11,,536719-001,MGCK157283,,,
10077,2025-11-26 13:57:16+00,Kathy,OP13,,536719-001,MGCK157376,,,
10076,2025-11-26 13:57:13+00,Evis,MAIN,,536719-001,MGCK157771,SO,,
10074,2025-11-26 13:29:03+00,Althea,OP14,,536719-001,MGCK157468,,,
10072,2025-11-26 13:19:37+00,Kathy,OP13,,536719-001,MGCK157375,,,
10071,2025-11-26 13:17:45+00,Laura,MAIN,,536719-001,MGCK157755,SO,,
10069,2025-11-26 13:09:16+00,Kiara,OP11,,536719-001,MGCK157282,,,
10068,2025-11-26 13:05:24+00,Laura,MAIN,,536719-001,MGCK157754,SO,,
10067,2025-11-26 12:59:35+00,Evis,MAIN,,536719-001,MGCK157770,SO,,
10066,2025-11-26 12:55:47+00,Kathy,OP13,,536719-001,MGCK157374,,,
10064,2025-11-26 12:53:22+00,Evis,MAIN,,536719-001,MGCK157769,SO,,
10062,2025-11-26 12:52:18+00,Evis,MAIN,,536719-001,MGCK157768,SO,,
10060,2025-11-26 12:49:43+00,Althea,OP14,,536719-001,MGCK157467,,,
10059,2025-11-26 12:49:08+00,Althea,OP14,,536719-001,MGCK157466,,,
10056,2025-11-26 12:39:45+00,Mercedes,MAIN,,536719-001,MGCK157560,,,
10055,2025-11-26 12:37:01+00,Kiara,OP11,,536719-001,MGCK157281,,,
10053,2025-11-26 12:25:44+00,Kathy,OP13,,536719-001,MGCK157380,,,
10051,2025-11-26 12:00:36+00,Kiara,OP11,,536719-001,MGCK157280,,,
10050,2025-11-26 11:54:04+00,Kathy,OP13,,536719-001,MGCK157373,,,
10049,2025-11-26 11:48:27+00,Amanda,OP2,,536719-001,MGCK157746,SO,,
10046,2025-11-25 22:31:29+00,Althea,OP14,,536719-001,MGCK157465,,,
10045,2025-11-25 21:54:19+00,Evis,MAIN,,536719-001,MGCK157767,SO,,
10043,2025-11-25 21:31:22+00,Althea,OP14,,536719-001,MGCK157464,,,
10042,2025-11-25 21:28:54+00,Kathy,OP13,,536719-001,MGCK157372,,,
10040,2025-11-25 21:08:01+00,Amanda,OP2,,536719-001,MGCK157745,SO,,
10039,2025-11-25 21:05:38+00,Evis,MAIN,,536719-001,MGCK157766,SO,,
10036,2025-11-25 20:59:38+00,Kathy,OP13,,536719-001,MGCK157371,,,
10033,2025-11-25 20:42:46+00,Althea,OP14,,536719-001,MGCK157115,,,
10031,2025-11-25 20:29:28+00,Kiara,OP11,,536719-001,MGCK157279,,,
10030,2025-11-25 20:22:17+00,Brenda,OP1,,536719-001,MGCK157103,,,
10029,2025-11-25 20:22:06+00,Kathy,OP13,,536719-001,MGCK157370,,,
10028,2025-11-25 20:22:03+00,Brenda,OP1,,536719-001,MGCK157102,,,
10026,2025-11-25 20:16:20+00,Laura,MAIN,,536719-001,MGCK157752,SO,,
10025,2025-11-25 20:16:12+00,Laura,MAIN,,536719-001,MGCK157751,SO,,
10024,2025-11-25 20:16:03+00,Laura,MAIN,,536719-001,MGCK157750,SO,,
10023,2025-11-25 20:15:52+00,Laura,MAIN,,536719-001,MGCK157749,SO,,
10022,2025-11-25 20:15:13+00,Evis,MAIN,,536719-001,MGCK157765,SO,,
10021,2025-11-25 20:14:39+00,Evis,MAIN,,536719-001,MGCK157763,SO,,
10020,2025-11-25 20:14:10+00,Evis,MAIN,,536719-001,MGCK157764,SO,,
10019,2025-11-25 20:13:45+00,Evis,MAIN,,536719-001,MGCK157762,SO,,
10018,2025-11-25 20:13:28+00,Evis,MAIN,,536719-001,MGCK157761,SO,,
10017,2025-11-25 20:05:28+00,Amanda,OP2,,536719-001,MGCK157744,SO,,
10016,2025-11-25 20:04:01+00,Althea,OP14,,536719-001,MGCK157114,,,
10015,2025-11-25 20:03:47+00,Althea,OP14,,536719-001,MGCK157113,,,
10012,2025-11-25 19:53:17+00,Kathy,OP13,,536719-001,MGCK157369,,,
10011,2025-11-25 19:50:31+00,Debbie,MAIN,,536719-001,MGCK157078,,,
10010,2025-11-25 19:50:02+00,Debbie,MAIN,,536719-001,MGCK157079,,,
10009,2025-11-25 19:49:29+00,Debbie,MAIN,,536719-001,MGCK157076,,,
10008,2025-11-25 19:49:01+00,Debbie,MAIN,,536719-001,MGCK157077,,,
10007,2025-11-25 19:48:28+00,Debbie,MAIN,,536719-001,MGCK157074,,,
10006,2025-11-25 19:48:03+00,Debbie,MAIN,,536719-001,MGCK157075,,,
10001,2025-11-25 19:36:25+00,Kiara,OP11,,536719-001,MGCK157278,,,
10000,2025-11-25 19:35:55+00,Kiara,OP11,,536719-001,MGCK157277,,,
9994,2025-11-25 19:27:37+00,Amanda,OP2,,536719-001,MGCK157743,SO,,
9993,2025-11-25 19:23:52+00,Kathy,OP13,,536719-001,MGCK157368,,,
9992,2025-11-25 19:07:25+00,Amanda,OP2,,536719-001,MGCK157742,SO,,
9991,2025-11-25 19:06:38+00,Brenda,OP1,,536719-001,MGCK157101,,,
9990,2025-11-25 18:56:12+00,Althea,OP14,,536719-001,MGCK157112,,,
9989,2025-11-25 18:51:51+00,Kathy,OP13,,536719-001,MGCK157091,,,
9986,2025-11-25 18:14:24+00,Kathy,OP13,,536719-001,MGCK157090,,,
9984,2025-11-25 18:11:33+00,Althea,OP14,,536719-001,MGCK157111,,,
9982,2025-11-25 18:02:26+00,Kiara,OP11,,536719-001,MGCK157276,,,
9981,2025-11-25 17:54:04+00,Maria L,OP12,,536719-001,MGCK157735,SO,,
9980,2025-11-25 17:52:58+00,Amanda,OP2,,536719-001,MGCK157736,SO,,
9979,2025-11-25 17:49:28+00,Brenda,OP1,,536719-001,MGCK157099,,,
9977,2025-11-25 17:47:25+00,Kathy,OP13,,536719-001,MGCK157089,,,
9976,2025-11-25 17:39:09+00,Althea,OP14,,536719-001,MGCK157110,,,
9971,2025-11-25 17:24:11+00,Kiara,OP11,,536719-001,MGCK157275,,,
9969,2025-11-25 17:16:25+00,Brenda,OP1,,536719-001,MGCK157098,,,
9968,2025-11-25 17:07:21+00,Amanda,OP2,,536719-001,MGCK157741,,,
9966,2025-11-25 17:02:44+00,Kathy,OP13,,536719-001,MGCK157088,,,
9964,2025-11-25 16:42:26+00,Maria L,OP12,,536719-001,MGCK157730,SO,,
9963,2025-11-25 16:38:22+00,Kathy,OP13,,536719-001,MGCK157087,,,
9962,2025-11-25 16:27:03+00,Althea,OP14,,536719-001,MGCK157109,,,
9961,2025-11-25 16:11:22+00,Maria L,OP12,,536719-001,MGCK157729,SO,,
9960,2025-11-25 16:11:17+00,Kiara,OP11,,536719-001,MGCK157274,,,
9957,2025-11-25 16:08:19+00,Brenda,OP1,,536719-001,MGCK157097,,,
9956,2025-11-25 16:07:48+00,Kathy,OP13,,536719-001,MGCK157086,,,
9952,2025-11-25 15:58:39+00,Amanda,OP2,,536719-001,MGCK157740,,,
9951,2025-11-25 15:49:16+00,Althea,OP14,,536719-001,MGCK157108,,,
9950,2025-11-25 15:40:12+00,Maria L,OP12,,536719-001,MGCK157728,SO,,
9948,2025-11-25 15:34:39+00,Kathy,OP13,,536719-001,MGCK157085,,,
9947,2025-11-25 15:31:50+00,Brenda,OP1,,536719-001,MGCK157096,,,
9945,2025-11-25 15:22:34+00,Kiara,OP11,,536719-001,MGCK157273,,,
9944,2025-11-25 15:22:23+00,Kiara,OP11,,536719-001,MGCK157272,,,
9943,2025-11-25 15:21:07+00,Debbie,MAIN,,536719-001,MGCK157073,,,
9942,2025-11-25 15:20:58+00,Debbie,MAIN,,536719-001,MGCK157072,,,
9940,2025-11-25 15:15:01+00,Althea,OP14,,536719-001,MGCK157107,,,
9939,2025-11-25 15:14:53+00,Amanda,OP2,,536719-001,MGCK157739,,,
9938,2025-11-25 15:14:39+00,Althea,OP14,,536719-001,MGCK157106,,,
9932,2025-11-25 15:01:45+00,Kathy,OP13,,536719-001,MGCK157084,,,
9925,2025-11-25 14:54:43+00,Brenda,OP1,,536719-001,MGCK157095,,,
9921,2025-11-25 14:36:08+00,Kathy,OP13,,536719-001,MGCK157083,,,
9919,2025-11-25 14:33:00+00,Amanda,OP2,,536719-001,MGCK157738,,,
9915,2025-11-25 14:20:57+00,Brenda,OP1,,536719-001,MGCK157094,,,
9912,2025-11-25 14:12:32+00,Althea,OP14,,536719-001,MGCK157105,,,
9911,2025-11-25 14:12:12+00,Althea,OP14,,536719-001,MGCK157104,,,
9910,2025-11-25 14:09:36+00,Kathy,OP13,,536719-001,MGCK157082,,,
9909,2025-11-25 14:08:44+00,Kiara,OP11,,536719-001,MGCK157031,,,
9905,2025-11-25 13:54:15+00,Amanda,OP2,,536719-001,MGCK157737,SO,,
9904,2025-11-25 13:53:52+00,Debbie,MAIN,,536719-001,MGCK157071,,,
9903,2025-11-25 13:53:26+00,Debbie,MAIN,,536719-001,MGCK157070,,,
9902,2025-11-25 13:52:48+00,Debbie,MAIN,,536719-001,MGCK157069,,,
9901,2025-11-25 13:49:30+00,Brenda,OP1,,536719-001,MGCK157093,,,
9900,2025-11-25 13:45:41+00,Kathy,OP13,,536719-001,MGCK157081,,,
9897,2025-11-25 13:19:58+00,Kiara,OP11,,536719-001,MGCK157030,,,
9892,2025-11-25 13:04:52+00,Kathy,OP13,,536719-001,MGCK157080,,,
9889,2025-11-25 12:59:30+00,Brenda,OP1,,536719-001,MGCK157092,,,
9888,2025-11-25 12:58:41+00,Kiara,OP11,,536719-001,MGCK157029,,,
9887,2025-11-25 12:58:04+00,Kiara,OP11,,536719-001,MGCK157028,,,
9886,2025-11-25 12:51:38+00,Maria L,OP12,,536719-001,MGCK157727,SO,,
9880,2025-11-25 12:42:38+00,Brenda,OP1,,536719-001,MGCK157012,,,
9879,2025-11-25 12:41:15+00,Kathy,OP13,,536719-001,MGCK157066,,,
9878,2025-11-25 12:40:56+00,Brenda,OP1,,536719-001,MGCK157011,,,
9877,2025-11-25 12:40:21+00,Brenda,OP1,,536719-001,MGCK157013,,,
9876,2025-11-25 12:40:01+00,Kathy,OP13,,536719-001,MGCK157067,,,
9875,2025-11-25 12:36:20+00,Althea,OP14,,536719-001,MGCK157055,,,
9874,2025-11-25 12:01:25+00,Althea,OP14,,536719-001,MGCK157054,,,
9865,2025-11-24 21:27:10+00,Debbie,MAIN,,536719-001,MGCK157068,,,
9864,2025-11-24 21:21:50+00,Debbie,MAIN,,536719-001,MGCK157043,,,
9863,2025-11-24 21:21:29+00,Debbie,MAIN,,536719-001,MGCK157042,,,
9862,2025-11-24 21:21:05+00,Debbie,MAIN,,536719-001,MGCK157041,,,
9861,2025-11-24 18:45:12+00,Debbie,MAIN,,536719-001,MGCK157040,,,
9860,2025-11-24 18:45:00+00,Debbie,MAIN,,536719-001,MGCK157039,,,
9859,2025-11-24 18:44:46+00,Debbie,MAIN,,536719-001,MGCK157038,,,
9858,2025-11-24 18:44:40+00,Debbie,MAIN,,536719-001,MGCK157037,,,
9857,2025-11-24 18:44:34+00,Debbie,MAIN,,536719-001,MGCK157036,,,
9856,2025-11-24 18:44:16+00,Debbie,MAIN,,536719-001,MGCK157035,,,
9855,2025-11-24 18:44:09+00,Debbie,MAIN,,536719-001,MGCK157034,,,
9854,2025-11-24 18:43:33+00,Debbie,MAIN,,536719-001,MGCK157033,,,
9853,2025-11-24 18:43:23+00,Debbie,MAIN,,536719-001,MGCK157032,,,
9806,2025-11-20 21:46:43+00,Mercedes,MAIN,,536719-001,MGCK156948,,,
9804,2025-11-20 21:41:25+00,Mercedes,MAIN,,536719-001,MGCK156947,,,
9799,2025-11-20 20:59:24+00,Mercedes,MAIN,,536719-001,MGCK156946,,,
9796,2025-11-20 20:22:09+00,Mercedes,MAIN,,536719-001,MGCK156945,,,
9795,2025-11-20 20:22:00+00,Mercedes,MAIN,,536719-001,MGCK156944,,,
9794,2025-11-20 20:21:52+00,Mercedes,MAIN,,536719-001,MGCK156943,,,
9793,2025-11-20 20:21:40+00,Mercedes,MAIN,,536719-001,MGCK156942,,,
9792,2025-11-20 20:21:39+00,Mercedes,MAIN,,536719-001,MGCK156941,,,
9791,2025-11-20 20:21:21+00,Mercedes,MAIN,,536719-001,MGCK156940,,,
9790,2025-11-20 20:21:10+00,Mercedes,MAIN,,536719-001,MGCK156939,,,
9789,2025-11-20 20:20:59+00,Mercedes,MAIN,,536719-001,MGCK156938,,,
9788,2025-11-20 20:20:41+00,Mercedes,MAIN,,536719-001,MGCK156937,,,
9787,2025-11-20 20:20:32+00,Mercedes,MAIN,,536719-001,MGCK156936,,,
9758,2025-11-20 14:09:22+00,Mercedes,MAIN,,536719-001,MGCK156887,,,
9757,2025-11-20 14:01:50+00,Mercedes,MAIN,,536719-001,MGCK156886,,,
9756,2025-11-20 13:49:58+00,Mercedes,MAIN,,536719-001,MGCK156885,,,
9727,2025-11-19 23:18:07+00,Mercedes,MAIN,,536719-001,MGCK157684,,,
9726,2025-11-19 23:18:00+00,Mercedes,MAIN,,536719-001,MGCK157683,,,
9725,2025-11-19 17:45:55+00,Mercedes,MAIN,,536719-001,MGCK157268,,,
9724,2025-11-19 17:40:43+00,Mercedes,MAIN,,536719-001,MGCK157267,,,
9723,2025-11-19 17:34:51+00,Mercedes,MAIN,,536719-001,MGCK157266,,,
129,2025-12-17 21:34:07.798242+00,Laura,MAIN,1008100162503021125121121MGCK1S58083,536719-001S,MGCK1S58083,,,
6587,2025-12-17 12:00:00+00,Debbie,,,536719-001S,MGCK1S58069,,,
6588,2025-12-17 12:00:00+00,Debbie,,,536719-001S,MGCK1S58070,,,
6589,2025-12-17 12:00:00+00,Debbie,,,536719-001S,MGCK1S58071,,,
6590,2025-12-17 12:00:00+00,Debbie,,,536719-001S,MGCK1S58072,,,
6591,2025-12-17 12:00:00+00,Debbie,,,536719-001S,MGCK1S58079,,,
6592,2025-12-17 12:00:00+00,Debbie,,,536719-001S,MGCK1S58080,,,
6905,2025-12-16 11:44:33+00,Evis,MAIN,01008100162502721125120221MGCK3S10834,536719-004,MGCK3S10834,,,
11952,2025-12-19 19:41:25.96417+00,Maria G,OP7,01008100162502891125121821MGCK2S114365,536723-001,MGCK2S114365,,MGCK2S114365-OP7-1766173281095,
11947,2025-12-19 19:12:06.023211+00,Maria G,OP7,01008100162502891125121821MGCK2S114364,536723-001,MGCK2S114364,,MGCK2S114364-OP7-1766171521146,
11946,2025-12-19 18:59:06.423014+00,Maria G,OP7,01008100162502891125121821MGCK2S114363,536723-001,MGCK2S114363,,MGCK2S114363-OP7-1766170741507,
11941,2025-12-19 17:58:41.567117+00,Maria G,OP7,01008100162502891125121821MGCK2S114362,536723-001,MGCK2S114362,,MGCK2S114362-OP7-1766167116707,
11940,2025-12-19 17:57:32.007619+00,Maria G,OP7,01008100162502891125121821MGCK2S114361,536723-001,MGCK2S114361,,MGCK2S114361-OP7-1766167047096,
11930,2025-12-19 16:20:23.789191+00,Maria G,OP7,01008100162502891125121821MGCK2S114360,536723-001,MGCK2S114360,,MGCK2S114360-OP7-1766161218925,
11929,2025-12-19 15:54:53.183384+00,Maria G,OP7,01008100162502891125121821MGCK2S114359,536723-001,MGCK2S114359,,MGCK2S114359-OP7-1766159688259,
11928,2025-12-19 15:53:01.027866+00,Maria G,OP7,01008100162502891125120421MGCK2S114358,536723-001,MGCK2S114358,,MGCK2S114358-OP7-1766159576126,
11927,2025-12-19 15:51:34.05394+00,Maria G,OP7,01008100162502891125120421MGCK2S114357,536723-001,MGCK2S114357,,MGCK2S114357-OP7-1766159489124,
11911,2025-12-19 14:19:07.764778+00,Maria G,OP7,01008100162502891125120421MGCK2S114356,536723-001,MGCK2S114356,,MGCK2S114356-OP7-1766153942896,
11910,2025-12-19 14:17:56.331285+00,Maria G,OP7,01008100162502891125120421MGCK2S114355,536723-001,MGCK2S114355,,MGCK2S114355-OP7-1766153871476,
11909,2025-12-19 14:17:45.369858+00,Maria G,OP7,01008100162502891125120421MGCK2S114354,536723-001,MGCK2S114354,,MGCK2S114354-OP7-1766153860423,
6984,2025-12-16 16:21:09+00,Evis,MAIN,01008100162502891125120421MGCK2S114353,536723-001,MGCK2S114353,,,
6968,2025-12-16 15:56:08+00,Evis,MAIN,01008100162502891125120421MGCK2S114352,536723-001,MGCK2S114352,,,
6967,2025-12-16 15:55:50+00,Evis,MAIN,01008100162502891125120421MGCK2S114351,536723-001,MGCK2S114351,,,
6966,2025-12-16 15:55:24+00,Evis,MAIN,01008100162502891125120421MGCK2S114349,536723-001,MGCK2S114349,,,
6965,2025-12-16 15:55:11+00,Evis,MAIN,01008100162502891125120421MGCK2S114348,536723-001,MGCK2S114348,,,
11576,2025-12-10 20:07:08+00,Althea,OP14,,536723-001,MGCK2114259,,,
11575,2025-12-10 20:06:47+00,Althea,OP14,,536723-001,MGCK2114258,,,
11574,2025-12-10 20:05:57+00,Althea,OP14,,536723-001,MGCK2114257,,,
11573,2025-12-10 20:05:30+00,Althea,OP14,,536723-001,MGCK2114256,,,
11528,2025-12-10 20:04:26+00,Althea,OP14,,536723-001,MGCK2114253,,,
11533,2025-12-10 19:17:35+00,Kiara,OP11,,536723-001,MGCK2114263,,,
11534,2025-12-10 19:06:36+00,Kathy,OP13,,536723-001,MGCK2114265,,,
11548,2025-12-10 18:22:26+00,Kathy,OP13,,536723-001,MGCK2114264,,,
11547,2025-12-10 18:21:57+00,Kiara,OP11,,536723-001,MGCK2114262,,,
11527,2025-12-10 17:40:50+00,Kiara,OP11,,536723-001,MGCK2114241,,,
11532,2025-12-10 17:36:02+00,Kathy,OP13,,536723-001,MGCK2114261,,,
11546,2025-12-10 17:02:56+00,Evis,MAIN,,536723-001,MGCK2S114347,,,
11525,2025-12-10 16:46:30+00,Althea,OP14,,536723-001,MGCK2114255,,,
11524,2025-12-10 16:46:13+00,Althea,OP14,,536723-001,MGCK2114254,,,
11531,2025-12-10 16:31:12+00,Kathy,OP13,,536723-001,MGCK2114260,,,
11517,2025-12-10 16:20:09+00,Kiara,OP11,,536723-001,MGCK2114240,,,
11513,2025-12-10 16:10:07+00,Evis,MAIN,,536723-001,MGCK2S114346,,,
11507,2025-12-10 15:41:21+00,Evis,MAIN,,536723-001,MGCK2S114345,,,
11506,2025-12-10 15:40:49+00,Kiara,OP11,,536723-001,MGCK2114239,,,
11494,2025-12-10 15:08:19+00,Kathy,OP13,,536723-001,MGCK2114252,,,
11488,2025-12-10 14:53:55+00,Kiara,OP11,,536723-001,MGCK2114238,,,
11476,2025-12-10 14:13:54+00,Kiara,OP11,,536723-001,MGCK2114237,,,
11475,2025-12-10 14:13:17+00,Kathy,OP13,,536723-001,MGCK2114251,,,
11468,2025-12-10 14:06:21+00,Evis,MAIN,,536723-001,MGCK2S114343,,,
11469,2025-12-10 14:06:21+00,Evis,MAIN,,536723-001,MGCK2S114344,,,
11462,2025-12-10 13:30:18+00,Kathy,OP13,,536723-001,MGCK2114250,,,
11459,2025-12-10 13:23:01+00,Evis,MAIN,,536723-001,MGCK2S114342,,,
11457,2025-12-10 13:20:14+00,Kiara,OP11,,536723-001,MGCK2114236,,,
11450,2025-12-10 12:56:34+00,Kathy,OP13,,536723-001,MGCK2114249,,,
11444,2025-12-10 12:43:10+00,Evis,MAIN,,536723-001,MGCK2S114341,,,
11443,2025-12-10 12:42:31+00,Evis,MAIN,,536723-001,MGCK2S114340,,,
11440,2025-12-10 12:39:20+00,Kiara,OP11,,536723-001,MGCK2114235,,,
11436,2025-12-10 12:18:00+00,Kathy,OP13,,536723-001,MGCK2114248,,,
11432,2025-12-10 11:59:19+00,Kiara,OP11,,536723-001,MGCK2114234,,,
11429,2025-12-09 21:38:38+00,Kathy,OP13,,536723-001,MGCK2114247,,,
11428,2025-12-09 21:38:09+00,Evis,MAIN,,536723-001,MGCK2S114339,,,
11417,2025-12-09 20:58:23+00,Kathy,OP13,,536723-001,MGCK2114246,,,
11416,2025-12-09 20:55:02+00,Evis,MAIN,,536723-001,MGCK2S114338,,,
11410,2025-12-09 20:23:57+00,Evis,MAIN,,536723-001,MGCK2S114337,,,
11408,2025-12-09 20:21:02+00,Kiara,OP11,,536723-001,MGCK2114233,,,
11402,2025-12-09 20:09:16+00,Kathy,OP13,,536723-001,MGCK2114245,,,
11390,2025-12-09 19:28:30+00,Kathy,OP13,,536723-001,MGCK2114244,,,
11388,2025-12-09 19:23:12+00,Kiara,OP11,,536723-001,MGCK2114232,,,
11384,2025-12-09 19:18:51+00,Evis,MAIN,,536723-001,MGCK2S114336,,,
11382,2025-12-09 19:15:01+00,Evis,MAIN,,536723-001,MGCK2S114335,,,
11376,2025-12-09 18:51:43+00,Kathy,OP13,,536723-001,MGCK2114243,,,
11373,2025-12-09 18:27:46+00,Kiara,OP11,,536723-001,MGCK2114231,,,
11364,2025-12-09 18:05:10+00,Evis,MAIN,,536723-001,MGCK2S114334,,,
11363,2025-12-09 18:04:44+00,Kathy,OP13,,536723-001,MGCK2114242,,,
11355,2025-12-09 17:45:40+00,Kiara,OP11,,536723-001,MGCK2114230,,,
11345,2025-12-09 17:01:49+00,Kathy,OP13,,536723-001,MGCK2114229,,,
11343,2025-12-09 16:55:38+00,Evis,MAIN,,536723-001,MGCK2S114333,,,
11328,2025-12-09 15:56:10+00,Evis,MAIN,,536723-001,MGCK2S114332,,,
11327,2025-12-09 15:52:55+00,Evis,MAIN,,536723-001,MGCK2S114331,,,
11311,2025-12-09 14:58:03+00,Evis,MAIN,,536723-001,MGCK2S114330,,,
11308,2025-12-09 14:49:20+00,Kathy,OP13,,536723-001,MGCK2114228,,,
11293,2025-12-09 14:11:41+00,Kathy,OP13,,536723-001,MGCK2114227,,,
11291,2025-12-09 14:04:49+00,Evis,MAIN,,536723-001,MGCK2S114329,,,
11278,2025-12-09 13:25:10+00,Kathy,OP13,,536723-001,MGCK2114226,,,
11271,2025-12-09 13:10:38+00,Evis,MAIN,,536723-001,MGCK2S114328,,,
11265,2025-12-09 12:48:37+00,Kathy,OP13,,536723-001,MGCK2114225,,,
11262,2025-12-09 12:42:53+00,Evis,MAIN,,536723-001,MGCK2S114327,,,
11251,2025-12-09 12:20:42+00,Evis,MAIN,,536723-001,MGCK2S114326,,,
11248,2025-12-09 12:09:53+00,Kathy,OP13,,536723-001,MGCK2114224,,,
11236,2025-12-08 21:36:10+00,Kathy,OP13,,536723-001,MGCK2114223,,,
11232,2025-12-08 21:22:56+00,Evis,MAIN,,536723-001,MGCK2S114325,,,
11229,2025-12-08 21:19:30+00,Evis,MAIN,,536723-001,MGCK2S114324,,,
11216,2025-12-08 20:26:25+00,Evis,MAIN,,536723-001,MGCK2S114323,,,
11215,2025-12-08 20:26:12+00,Evis,MAIN,,536723-001,MGCK2S114322,,,
11212,2025-12-08 20:14:41+00,Evis,MAIN,,536723-001,MGCK2S114321,,,
11208,2025-12-08 20:08:59+00,Kathy,OP13,,536723-001,MGCK2114221,,,
11193,2025-12-08 19:25:40+00,Kathy,OP13,,536723-001,MGCK211422,,,
11182,2025-12-08 18:46:36+00,Kathy,OP13,,536723-001,MGCK2114219,,,
11171,2025-12-08 18:04:17+00,Kathy,OP13,,536723-001,MGCK2114218,,,
11170,2025-12-08 17:58:55+00,Evis,MAIN,,536723-001,MGCK2S114320,,,
11158,2025-12-08 17:04:31+00,Evis,MAIN,,536723-001,MGCK2S114319,,,
11157,2025-12-08 17:03:26+00,Kathy,OP13,,536723-001,MGCK2114217,,,
11151,2025-12-08 16:30:41+00,Evis,MAIN,,536723-001,MGCK2S114318,,,
11148,2025-12-08 16:22:53+00,Kathy,OP13,,536723-001,MGCK2114216,,,
11139,2025-12-08 15:40:39+00,Kathy,OP13,,536723-001,MGCK2114215,,,
11136,2025-12-08 15:29:35+00,Evis,MAIN,,536723-001,MGCK2S114317,,,
11126,2025-12-08 15:00:05+00,Kathy,OP13,,536723-001,MGCK2114214,,,
11123,2025-12-08 14:53:30+00,Evis,MAIN,,536723-001,MGCK2S114316,,,
11113,2025-12-08 14:18:47+00,Evis,MAIN,,536723-001,MGCK2S114315,,,
11112,2025-12-08 14:18:29+00,Kathy,OP13,,536723-001,MGCK2114213,,,
11106,2025-12-08 13:59:33+00,Evis,MAIN,,536723-001,MGCK2S114314,,,
11099,2025-12-08 13:44:42+00,Kathy,OP13,,536723-001,MGCK2114212,,,
11088,2025-12-08 13:09:14+00,Evis,MAIN,,536723-001,MGCK2S114313,,,
11087,2025-12-08 13:08:47+00,Evis,MAIN,,536723-001,MGCK2S114312,,,
11002,2025-12-05 18:31:42+00,Evis,MAIN,,536723-001,MGCK2S114311,,,
10950,2025-12-04 20:58:37+00,Evis,MAIN,,536723-001,MGCK2S114310,,,
10937,2025-12-04 20:02:21+00,Evis,MAIN,,536723-001,MGCK2S114309,,,
10935,2025-12-04 19:57:42+00,Evis,MAIN,,536723-001,MGCK2S114308,,,
10931,2025-12-04 19:50:43+00,Evis,MAIN,,536723-001,MGCK2S114307,,,
10929,2025-12-04 19:48:08+00,Evis,MAIN,,536723-001,MGCK2S114306,,,
10927,2025-12-04 19:39:14+00,Evis,MAIN,,536723-001,MGCK2S114305,,,
10231,2025-11-28 17:16:24+00,Maria G,OP7,,536723-001,MGCK2114304,SO,,
10230,2025-11-28 17:14:50+00,Maria G,OP7,,536723-001,MGCK2114303,SO,,
10222,2025-11-28 16:10:53+00,Maria G,OP7,,536723-001,MGCK2114302,SO,,
10221,2025-11-28 16:09:12+00,Maria G,OP7,,536723-001,MGCK2114301,SO,,
10220,2025-11-28 16:07:00+00,Maria G,OP7,,536723-001,MGCK2114300,SO,,
10219,2025-11-28 16:05:50+00,Maria G,OP7,,536723-001,MGCK2114299,SO,,
10203,2025-11-28 14:17:22+00,Maria G,OP7,,536723-001,MGCK2114298,SO,,
10202,2025-11-28 14:16:00+00,Maria G,OP7,,536723-001,MGCK2114297,SO,,
10201,2025-11-28 14:14:42+00,Maria G,OP7,,536723-001,MGCK2114296,SO,,
10200,2025-11-28 14:13:42+00,Maria G,OP7,,536723-001,MGCK2114295,SO,,
10183,2025-11-26 19:49:50+00,Maria G,OP7,,536723-001,MGCK2114294,SO,,
10170,2025-11-26 19:24:12+00,Maria G,OP7,,536723-001,MGCK2114293,SO,,
10160,2025-11-26 18:53:14+00,Maria G,OP7,,536723-001,MGCK2114292,SO,,
10158,2025-11-26 18:51:41+00,Maria G,OP7,,536723-001,MGCK2114291,SO,,
10145,2025-11-26 17:41:03+00,Maria G,OP7,,536723-001,MGCK2114290,SO,,
10144,2025-11-26 17:39:28+00,Maria G,OP7,,536723-001,MGCK2114289,SO,,
10120,2025-11-26 16:10:10+00,Maria G,OP7,,536723-001,MGCK2114288,SO,,
10119,2025-11-26 16:08:55+00,Maria G,OP7,,536723-001,MGCK2114287,SO,,
10101,2025-11-26 15:08:39+00,Maria G,OP7,,536723-001,MGCK2114286,SO,,
10100,2025-11-26 15:03:40+00,Maria G,OP7,,536723-001,MGCK2114285,SO,,
10082,2025-11-26 14:09:20+00,Maria G,OP7,,536723-001,MGCK2114284,SO,,
10081,2025-11-26 14:08:49+00,Maria G,OP7,,536723-001,MGCK2114283,SO,,
10080,2025-11-26 14:08:36+00,Maria G,OP7,,536723-001,MGCK2114282,SO,,
9987,2025-11-25 18:18:57+00,Maria G,OP7,,536723-001,MGCK2114281,SO,,
9929,2025-11-25 15:00:15+00,Evis,MAIN,,536723-001,MGCK2114280,SO,,
9928,2025-11-25 14:59:11+00,Evis,MAIN,,536723-001,MGCK2114279,SO,,
9873,2025-11-24 21:34:14+00,Evis,MAIN,,536723-001,MGCK2114278,,,
9872,2025-11-24 21:32:17+00,Evis,MAIN,,536723-001,MGCK2114277,,,
9871,2025-11-24 21:32:05+00,Evis,MAIN,,536723-001,MGCK2114276,,,
9870,2025-11-24 21:29:41+00,Laura,MAIN,,536723-001,MGCK2114275,,,
9851,2025-11-24 18:09:16+00,Evis,MAIN,,536723-001,MGCK2114274,,,
9848,2025-11-24 17:24:26+00,Evis,MAIN,,536723-001,MGCK2114273,,,
9846,2025-11-24 16:44:38+00,Evis,MAIN,,536723-001,MGCK2114272,,,
9845,2025-11-24 16:44:26+00,Evis,MAIN,,536723-001,MGCK2114271,,,
9843,2025-11-24 15:17:05+00,Evis,MAIN,,536723-001,MGCK2114270,,,
9842,2025-11-24 15:11:48+00,Evis,MAIN,,536723-001,MGCK2114269,,,
9841,2025-11-24 14:18:07+00,Evis,MAIN,,536723-001,MGCK2114268,,,
9840,2025-11-24 14:02:17+00,Evis,MAIN,,536723-001,MGCK2114267,,,
9839,2025-11-24 13:58:08+00,Evis,MAIN,,536723-001,MGCK2114266,,,
9831,2025-11-21 19:29:28+00,Evis,MAIN,,536723-001,MGCK2114211,,,
9830,2025-11-21 19:29:12+00,Evis,MAIN,,536723-001,MGCK2114210,,,
9829,2025-11-21 19:29:03+00,Evis,MAIN,,536723-001,MGCK2114209,,,
9828,2025-11-21 19:28:57+00,Evis,MAIN,,536723-001,MGCK2114208,,,
9812,2025-11-21 15:05:14+00,Evis,MAIN,,536723-001,MGCK2114207,,,
9811,2025-11-21 15:05:06+00,Evis,MAIN,,536723-001,MGCK2114206,,,
9807,2025-11-20 21:53:36+00,Evis,MAIN,,536723-001,MGCK2114205,,,
9801,2025-11-20 21:18:34+00,Evis,MAIN,,536723-001,MGCK2114204,,,
9800,2025-11-20 20:59:39+00,Evis,MAIN,,536723-001,MGCK2114203,,,
9775,2025-11-20 20:07:21+00,Evis,MAIN,,536723-001,MGCK2114202,,,
9774,2025-11-20 20:02:41+00,Evis,MAIN,,536723-001,MGCK2114201,,,
9773,2025-11-20 20:00:12+00,Evis,MAIN,,536723-001,MGCK2114200,,,
9770,2025-11-20 18:05:44+00,Evis,MAIN,,536723-001,MGCK2114199,,,
9769,2025-11-20 18:05:35+00,Evis,MAIN,,536723-001,MGCK2114198,,,
9768,2025-11-20 18:05:28+00,Evis,MAIN,,536723-001,MGCK2114197,,,
9767,2025-11-20 18:05:16+00,Evis,MAIN,,536723-001,MGCK2114196,,,
9766,2025-11-20 18:05:02+00,Evis,MAIN,,536723-001,MGCK2114195,,,
9765,2025-11-20 18:04:54+00,Evis,MAIN,,536723-001,MGCK2114194,,,
9760,2025-11-20 14:22:08+00,Evis,MAIN,,536723-001,MGCK2114193,,,
9759,2025-11-20 14:15:38+00,Evis,MAIN,,536723-001,MGCK2114192,,,
9739,2025-11-19 23:18:39+00,Evis,MAIN,,536723-001,MGCK2114191,,,
9738,2025-11-19 23:18:33+00,Evis,MAIN,,536723-001,MGCK2114190,,,
9737,2025-11-19 23:18:29+00,Evis,MAIN,,536723-001,MGCK2114189,,,
9736,2025-11-19 23:18:23+00,Evis,MAIN,,536723-001,MGCK2114188,,,
9735,2025-11-19 18:50:37+00,Evis,MAIN,,536723-001,MGCK2114187,,,
9734,2025-11-19 17:05:04+00,Evis,MAIN,,536723-001,MGCK2114186,,,
9733,2025-11-19 17:03:42+00,Evis,MAIN,,536723-001,MGCK2114185,,,
9732,2025-11-19 15:30:08+00,Evis,MAIN,,536723-001,MGCK2114184,,,
9731,2025-11-19 15:01:41+00,Evis,MAIN,,536723-001,MGCK2114183,,,
9730,2025-11-19 14:38:41+00,Evis,MAIN,,536723-001,MGCK2114182,,,
9729,2025-11-19 13:54:33+00,Evis,MAIN,,536723-001,MGCK2114181,,,
9728,2025-11-19 13:54:25+00,Evis,MAIN,,536723-001,MGCK2114180,,,
10872,2025-12-04 16:03:24+00,Maria G,OP7,,6EBS757EW1,EBS757EW10167,,,
11176,2025-12-08 18:14:59+00,Amanda,OP2,,756EL,R756EL11987,,,
11164,2025-12-08 17:34:49+00,Amanda,OP2,,756EL,R756EL11986,,,
11155,2025-12-08 16:52:44+00,Amanda,OP2,,756EL,R756EL11985,,,
11140,2025-12-08 15:46:38+00,Amanda,OP2,,756EL,R756EL11984,,,
11129,2025-12-08 15:10:46+00,Amanda,OP2,,756EL,R756EL11983,,,
11116,2025-12-08 14:30:41+00,Amanda,OP2,,756EL,R756EL11982,,,
11103,2025-12-08 13:54:45+00,Amanda,OP2,,756EL,R756EL11981,,,
11092,2025-12-08 13:14:05+00,Amanda,OP2,,756EL,R756EL11980,,,
11078,2025-12-08 12:39:19+00,Amanda,OP2,,756EL,R756EL11979,,,
11071,2025-12-08 12:08:22+00,Amanda,OP2,,756EL,R756EL11978,,,
9820,2025-11-21 19:23:41+00,Debbie,MAIN,,756EL,R756EL119771,,,
9803,2025-11-20 21:36:34+00,Debbie,MAIN,,756EL1,R756EL11976,,,
9802,2025-11-20 21:20:07+00,Debbie,MAIN,,756EL1,R756EL11975,,,
9786,2025-11-20 20:19:20+00,Debbie,MAIN,,756EL1,R756EL11974,,,
9785,2025-11-20 20:18:56+00,Debbie,MAIN,,756EL1,R756EL11973,,,
9784,2025-11-20 20:18:42+00,Debbie,MAIN,,756EL1,R756EL11972,,,
9783,2025-11-20 20:18:26+00,Debbie,MAIN,,756EL1,R756EL11971,,,
9782,2025-11-20 20:18:11+00,Debbie,MAIN,,756EL1,R756EL11970,,,
9781,2025-11-20 20:17:57+00,Debbie,MAIN,,756EL1,R756EL11969,,,
9780,2025-11-20 20:17:47+00,Debbie,MAIN,,756EL1,R756EL11968,,,
6638,2025-12-15 07:40:21+00,Maria L,OP12,+B446756EW1/$+R756EW12832E,756EW,R756EW12832,,,
6634,2025-12-15 07:14:05+00,Maria L,OP12,+B446756EW1/$+R756EW12831D,756EW,R756EW12831,,,
11586,2025-12-10 20:51:29+00,Maria L,OP12,,756EW,R756EW12830,,,
11580,2025-12-10 20:28:01+00,Maria L,OP12,,756EW,R756EW12829,,,
11567,2025-12-10 19:53:56+00,Maria L,OP12,,756EW,R756EW12828,,,
11565,2025-12-10 19:30:39+00,Maria L,OP12,,756EW,R756EW12827,,,
11556,2025-12-10 19:04:12+00,Maria L,OP12,,756EW,R756EW12826,,,
11549,2025-12-10 18:28:10+00,Maria L,OP12,,756EW,R756EW12825,,,
11535,2025-12-10 17:57:19+00,Maria L,OP12,,756EW,R756EW12824,,,
11526,2025-12-10 16:56:26+00,Maria L,OP12,,756EW,R756EW12823,,,
11520,2025-12-10 16:30:14+00,Maria L,OP12,,756EW,R756EW12822,,,
11510,2025-12-10 15:55:36+00,Maria L,OP12,,756EW,R756EW12821,,,
11499,2025-12-10 15:31:09+00,Maria L,OP12,,756EW,R756EW12820,,,
11492,2025-12-10 15:04:12+00,Maria L,OP12,,756EW,R756EW12819,,,
11485,2025-12-10 14:37:03+00,Maria L,OP12,,756EW,R756EW12818,,,
11471,2025-12-10 14:07:27+00,Maria L,OP12,,756EW,R756EW12817,,,
11461,2025-12-10 13:26:08+00,Maria L,OP12,,756EW,R756EW12816,,,
11451,2025-12-10 12:57:48+00,Maria L,OP12,,756EW,R756EW12815,,,
11438,2025-12-10 12:27:02+00,Maria L,OP12,,756EW,R756EW12814,,,
11434,2025-12-10 12:04:41+00,Maria L,OP12,,756EW,R756EW12813,,,
9819,2025-11-21 19:23:31+00,Debbie,MAIN,,757E2,R757E210162,,,
9818,2025-11-21 19:23:23+00,Debbie,MAIN,,757E2,R757E210161,,,
9817,2025-11-21 19:23:10+00,Debbie,MAIN,,757E2,R757E210160,,,
9816,2025-11-21 19:23:02+00,Debbie,MAIN,,757E2,R757E210159,,,
11484,2025-12-10 14:32:26+00,Amanda,OP2,,757EL,R757EL11334,,,
11423,2025-12-09 21:35:12+00,Amanda,OP2,,757EL,R757EL11333,,,
11419,2025-12-09 20:59:34+00,Amanda,OP2,,757EL,R757EL11332,,,
11400,2025-12-09 20:05:36+00,Amanda,OP2,,757EL,R757EL11331,,,
11389,2025-12-09 19:27:32+00,Amanda,OP2,,757EL,R757EL11330,,,
11374,2025-12-09 18:50:25+00,Amanda,OP2,,757EL,R757EL11329,,,
11360,2025-12-09 17:58:08+00,Amanda,OP2,,757EL,R757EL11328,,,
11349,2025-12-09 17:14:31+00,Amanda,OP2,,757EL,R757EL11327,,,
11329,2025-12-09 15:58:23+00,Amanda,OP2,,757EL,R757EL11326,,,
11321,2025-12-09 15:31:32+00,Amanda,OP2,,757EL,R757EL11325,,,
11306,2025-12-09 14:45:49+00,Amanda,OP2,,757EL,R757EL11324,,,
11294,2025-12-09 14:13:13+00,Amanda,OP2,,757EL,R757EL11323,,,
11279,2025-12-09 13:25:23+00,Amanda,OP2,,757EL,R757EL11322,,,
11264,2025-12-09 12:48:22+00,Amanda,OP2,,757EL,R757EL11321,,,
11249,2025-12-09 12:14:23+00,Amanda,OP2,,757EL,R757EL11320,,,
11242,2025-12-09 11:45:39+00,Amanda,OP2,,757EL,R757EL11299,,,
11230,2025-12-08 21:19:43+00,Amanda,OP2,,757EL,R757EL11298,,,
11219,2025-12-08 20:30:07+00,Amanda,OP2,,757EL,R757EL11297,,,
11196,2025-12-08 19:46:12+00,Amanda,OP2,,757EL,R757EL11296,,,
11188,2025-12-08 19:09:56+00,Amanda,OP2,,757EL,R757EL11295,,,
6958,2025-12-16 15:13:56+00,Amanda,OP2,+B446757EW1/$+R757EW13851I,757EW,R757EW13851,,,
6946,2025-12-16 14:29:33+00,Amanda,OP2,+B446757EW1/$+R757EW13850H,757EW,R757EW13850,,,
6929,2025-12-16 13:52:35+00,Amanda,OP2,+B446757EW1/$+R757EW13849P,757EW,R757EW13849,,,
6917,2025-12-16 12:57:25+00,Amanda,OP2,+B446757EW1/$+R757EW13848O,757EW,R757EW13848,,,
6907,2025-12-16 12:17:24+00,Amanda,OP2,+B446757EW1/$+R757EW13847N,757EW,R757EW13847,,,
6904,2025-12-16 11:40:33+00,Amanda,OP2,+B446757EW1/$+R757EW13846M,757EW,R757EW13846,,,
6866,2025-12-16 10:30:16+00,Amanda,OP2,+B446757EW1/$+R757EW13845L,757EW,R757EW13845,,,
6852,2025-12-16 09:50:46+00,Amanda,OP2,+B446757EW1/$+R757EW13844K,757EW,R757EW13844,,,
6842,2025-12-16 09:11:00+00,Amanda,OP2,+B446757EW1/$+R757EW13843J,757EW,R757EW13843,,,
6830,2025-12-16 08:28:38+00,Amanda,OP2,+B446757EW1/$+R757EW13842I,757EW,R757EW13842,,,
6821,2025-12-16 07:52:20+00,Amanda,OP2,+B446757EW1/$+R757EW13841H,757EW,R757EW13841,,,
6813,2025-12-16 07:17:28+00,Amanda,OP2,+B446757EW1/$+R757EW13840G,757EW,R757EW13840,,,
6691,2025-12-15 10:39:10+00,Amanda,OP2,+B446757EW1/$+R757EW13839O,757EW,R757EW13839,,,
6678,2025-12-15 10:02:33+00,Amanda,OP2,+B446757EW1/$+R757EW13838N,757EW,R757EW13838,,,
6664,2025-12-15 09:20:09+00,Amanda,OP2,+B446757EW1/$+R757EW13837M,757EW,R757EW13837,,,
6650,2025-12-15 08:28:51+00,Amanda,OP2,+B446757EW1/$+R757EW13836L,757EW,R757EW13836,,,
6646,2025-12-15 07:58:01+00,Amanda,OP2,+B446757EW1/$+R757EW13835K,757EW,R757EW13835,,,
6636,2025-12-15 07:16:18+00,Amanda,OP2,+B446757EW1/$+R757EW13834J,757EW,R757EW13834,,,
11596,2025-12-11 11:49:57+00,Amanda,OP2,,757EW,R757EW13833,,,
11588,2025-12-10 21:09:51+00,Amanda,OP2,,757EW,R757EW13832,,,
11578,2025-12-10 20:13:13+00,Amanda,OP2,,757EW,R757EW13831,,,
11544,2025-12-10 18:02:33+00,Amanda,OP2,,757EW,R757EW13829,,,
11529,2025-12-10 17:08:56+00,Amanda,OP2,,757EW,R757EW13828,,,
11502,2025-12-10 15:33:20+00,Amanda,OP2,,757EW,R757EW13827,,,
9755,2025-11-20 12:58:35+00,Debbie,MAIN,,757EW,R757EW13826,,,
9750,2025-11-19 23:19:25+00,Debbie,MAIN,,757EW,R757EW13825,,,
9749,2025-11-19 23:19:19+00,Debbie,MAIN,,757EW,R757EW13824,,,
9748,2025-11-19 23:19:14+00,Debbie,MAIN,,757EW,R757EW13823,,,
9747,2025-11-19 23:19:09+00,Debbie,MAIN,,757EW,R757EW13822,,,
9746,2025-11-19 23:19:03+00,Debbie,MAIN,,757EW,R757EW13821,,,
9745,2025-11-19 23:18:57+00,Debbie,MAIN,,757EW,R757EW13820,,,
9744,2025-11-19 18:29:05+00,Debbie,MAIN,,757EW,R757EW13819,,,
9743,2025-11-19 18:10:39+00,Debbie,MAIN,,757EW,R757EW13818,,,
9742,2025-11-19 15:58:59+00,Debbie,MAIN,,757EW,R757EW13817,,,
9741,2025-11-19 15:23:31+00,Debbie,MAIN,,757EW,R757EW13816,,,
9740,2025-11-19 14:58:54+00,Debbie,MAIN,,757EW,R757EW13815,,,
7003,2025-12-17 21:06:00+00,Amanda,OP2,+B446757WM1/$+R757WM102674-,757WM,R757WM102674,,,
6594,2025-12-17 19:33:41+00,Amanda,OP2,+B446757WM1/$+R757WM102672Y,757WM,R757WM102672,,,
81,2025-12-17 19:17:00.707588+00,Amanda,OP2,+B446757WM1/$+R757WM102679+,757WM,R757WM102679,,,
71,2025-12-17 18:55:22.693361+00,Amanda,OP2,+B446757WM1/$+R757WM102678/,757WM,R757WM102678,,,
70,2025-12-17 18:55:14.661631+00,Amanda,OP2,+B446757WM1/$+R757WM102677$,757WM,R757WM102677,,,
68,2025-12-17 18:54:31.610199+00,Amanda,OP2,+B446757WM1/$+R757WM102676,757WM,R757WM102676,dropdigbug,,
67,2025-12-17 18:54:24.746622+00,Amanda,OP2,+B446757WM1/$+R757WM102675.,757WM,R757WM102675,,,
6593,2025-12-17 18:51:08+00,Amanda,OP2,+B446757WM1/$+R757WM102671X,757WM,R757WM102671,,,
6980,2025-12-16 16:14:56+00,Amanda,OP2,+B446757WM1/$+R757WM102670W,757WM,R757WM102670,,,
6804,2025-12-16 06:43:14+00,Brenda,OP1,+B446757WMN1/$+R757WMN10669+,757WMN,R757WMN10669,TRANSFERRED FROM 100757WN-ADDED MP,,
6769,2025-12-15 15:19:18+00,Brenda,OP1,+B446757WMN1/$+R757WMN10668/,757WMN,R757WMN10668,TRANSFERRED FROM 100757WN-ADDED MP,,
6761,2025-12-15 14:50:40+00,Brenda,OP1,+B446757WMN1/$+R757WMN10667$,757WMN,R757WMN10667,,,
6836,2025-12-16 08:52:59+00,Brenda,OP1,+B446758EW1/$+R758EW10431B,758EW,R758EW10431,,,
6825,2025-12-16 08:14:43+00,Brenda,OP1,+B446758EW1/$+R758EW10430A,758EW,R758EW10430,,,
6818,2025-12-16 07:46:44+00,Brenda,OP1,+B446758EW1/$+R758EW10429I,758EW,R758EW10429,,,
6811,2025-12-16 07:16:49+00,Brenda,OP1,+B446758EW1/$+R758EW10428H,758EW,R758EW10428,,,
9779,2025-11-20 20:11:11+00,Debbie,MAIN,,758W1,R758W11375,,,
9778,2025-11-20 20:11:05+00,Debbie,MAIN,,758W1,R758W11374,,,
9777,2025-11-20 20:10:58+00,Debbie,MAIN,,758W1,R758W11373,,,
9776,2025-11-20 20:10:52+00,Debbie,MAIN,,758W1,R758W11372,,,
11125,2025-12-08 14:54:09+00,Maria L,OP12,,758WMN,R758WMN11186,,,
11114,2025-12-08 14:19:02+00,Maria L,OP12,,758WMN,R758WMN11185,,,
11100,2025-12-08 13:45:17+00,Maria L,OP12,,758WMN,R758WMN11184,,,
11083,2025-12-08 12:57:49+00,Maria L,OP12,,758WMN,R758WMN11183,,,
11074,2025-12-08 12:23:18+00,Maria L,OP12,,758WMN,R758WMN11182,,,
9822,2025-11-21 19:24:06+00,Debbie,MAIN,,759E2,R759E210124,,,
9821,2025-11-21 19:23:59+00,Debbie,MAIN,,759E2,R759E210123,,,
6703,2025-12-15 11:04:16+00,Brenda,OP1,+B446759EL1/$+R759EL14073/,759EL,R759EL14073,,,
6692,2025-12-15 10:39:44+00,Brenda,OP1,+B446759EL1/$+R759EL14072$,759EL,R759EL14072,,,
6685,2025-12-15 10:12:16+00,Brenda,OP1,+B446759EL1/$+R759EL14071,759EL,R759EL14071,,,
6673,2025-12-15 09:46:09+00,Brenda,OP1,+B446759EL1/$+R759EL14070.,759EL,R759EL14070,,,
6665,2025-12-15 09:20:16+00,Brenda,OP1,+B446759EL1/$+R759EL140692,759EL,R759EL14069,,,
6659,2025-12-15 08:54:13+00,Brenda,OP1,+B446759EL1/$+R759EL140681,759EL,R759EL14068,,,
6648,2025-12-15 08:12:31+00,Brenda,OP1,+B446759EL1/$+R759EL140670,759EL,R759EL14067,,,
6640,2025-12-15 07:47:51+00,Brenda,OP1,+B446759EL1/$+R759EL14066%,759EL,R759EL14066,,,
6637,2025-12-15 07:17:19+00,Brenda,OP1,+B446759EL1/$+R759EL14065+,759EL,R759EL14065,,,
6609,2025-12-15 06:52:13+00,Brenda,OP1,+B446759EL1/$+R759EL14064/,759EL,R759EL14064,,,
9754,2025-11-19 14:53:03+00,Debbie,MAIN,,759EL,R759EL14063,,,
9753,2025-11-19 13:53:51+00,Debbie,MAIN,,759EL,R759EL14062,,,
9752,2025-11-19 13:53:45+00,Debbie,MAIN,,759EL,R759EL14061,,,
9751,2025-11-19 13:53:38+00,Debbie,MAIN,,759EL,R759EL14060,,,
6753,2025-12-15 14:16:06+00,Brenda,OP1,+B446759EW1/$+R759EW12115E,759EW,R759EW12115,,,
6747,2025-12-15 13:50:43+00,Brenda,OP1,+B446759EW1/$+R759EW12114D,759EW,R759EW12114,,,
6741,2025-12-15 13:11:00+00,Brenda,OP1,+B446759EW1/$+R759EW12113C,759EW,R759EW12113,,,
6734,2025-12-15 12:43:43+00,Brenda,OP1,+B446759EW1/$+R759EW12112B,759EW,R759EW12112,,,
6729,2025-12-15 12:16:41+00,Brenda,OP1,+B446759EW1/$+R759EW12111A,759EW,R759EW12111,,,
9827,2025-11-21 19:25:09+00,Debbie,MAIN,,759EW,R759EW121109,Scanned twice,,
9826,2025-11-21 19:25:04+00,Debbie,MAIN,,759EW,R759EW12109,,,
9825,2025-11-21 19:24:53+00,Debbie,MAIN,,759EW,R759EW12102,,,
9824,2025-11-21 19:24:47+00,Debbie,MAIN,,759EW,R759EW12103,,,
9823,2025-11-21 19:24:14+00,Debbie,MAIN,,759EW,R759EW121019,,,
6908,2025-12-16 12:28:05+00,Brenda,OP1,+B446780EW1/$+R780EW109068,780EW,R780EW10906,,,
6901,2025-12-16 11:27:34+00,Brenda,OP1,+B446780EW1/$+R780EW109057,780EW,R780EW10905,,,
6888,2025-12-16 11:02:13+00,Brenda,OP1,+B446780EW1/$+R780EW109046,780EW,R780EW10904,,,
6864,2025-12-16 10:28:30+00,Brenda,OP1,+B446780EW1/$+R780EW109035,780EW,R780EW10903,,,
6855,2025-12-16 09:59:27+00,Brenda,OP1,+B446780EW1/$+R780EW109024,780EW,R780EW10902,,,
6849,2025-12-16 09:31:38+00,Brenda,OP1,+B446780EW1/$+R780EW109013,780EW,R780EW10901,,,
11383,2025-12-09 19:17:43+00,Maria L,OP12,,790W,R790W10376,,,
11375,2025-12-09 18:51:21+00,Maria L,OP12,,790W,R790W10375,,,
11365,2025-12-09 18:09:06+00,Maria L,OP12,,790W,R790W10374,,,
11351,2025-12-09 17:38:48+00,Maria L,OP12,,790W,R790W10373,,,
11341,2025-12-09 16:47:27+00,Maria L,OP12,,790W,R790W10372,,,
11334,2025-12-09 16:17:54+00,Maria L,OP12,,790W,R790W10371,,,
11325,2025-12-09 15:49:10+00,Maria L,OP12,,790W,R790W10370,,,
11324,2025-12-09 15:48:48+00,Maria L,OP12,,790W,R790W10369,,,
11312,2025-12-09 14:59:19+00,Maria L,OP12,,790W,R790W10368,,,
11222,2025-12-08 20:49:03+00,Maria L,OP12,,790W,R790W10367,,,
11213,2025-12-08 20:24:46+00,Maria L,OP12,,790W,R790W10366,,,
11197,2025-12-08 19:47:29+00,Maria L,OP12,,790W,R790W10365,,,
11191,2025-12-08 19:21:14+00,Maria L,OP12,,790W,R790W10364,,,
11184,2025-12-08 18:52:42+00,Maria L,OP12,,790W,R790W10363,,,
11174,2025-12-08 18:08:58+00,Maria L,OP12,,790W,R790W10362,,,
11173,2025-12-08 18:08:15+00,Maria L,OP12,,790W,R790W10361,,,
11153,2025-12-08 16:45:29+00,Maria L,OP12,,790W,R790W10360,,,
11147,2025-12-08 16:19:16+00,Maria L,OP12,,790W,R790W10359,,,
11144,2025-12-08 15:57:15+00,Maria L,OP12,,790W,R790W10358,,,
11135,2025-12-08 15:28:52+00,Maria L,OP12,,790W,R790W10357,,,
11163,2025-12-08 17:29:04+00,Maria G,OP7,,7EW1,EBS757EW10186,,,
10839,2025-12-04 14:10:21+00,Maria G,OP7,,B446EBS757EW1,EBS757EW10163,,,
11307,2025-12-09 14:46:16+00,Maria G,OP7,,EBS756NW,EBS756NW10205,,,
11304,2025-12-09 14:43:12+00,Maria G,OP7,,EBS756NW,EBS756NW10204,,,
11296,2025-12-09 14:25:14+00,Maria L,OP12,,EBS756NW,EBS756NW10203,,,
11290,2025-12-09 14:01:33+00,Maria L,OP12,,EBS756NW,EBS756NW10202,,,
11277,2025-12-09 13:23:36+00,Maria L,OP12,,EBS756NW,EBS756NW10201,,,
11266,2025-12-09 12:53:36+00,Maria L,OP12,,EBS756NW,EBS756NW10200,,,
11254,2025-12-09 12:27:44+00,Maria L,OP12,,EBS756NW,EBS756NW10199,,,
11244,2025-12-09 12:01:47+00,Maria L,OP12,,EBS756NW,EBS756NW10198,,,
11285,2025-12-09 13:48:40+00,Maria G,OP7,,EBS757EW,EBS757EW10196,,,
11275,2025-12-09 13:13:20+00,Maria G,OP7,,EBS757EW,EBS757EW10195,,,
11272,2025-12-09 13:12:07+00,Maria G,OP7,,EBS757EW,EBS757EW10194,,,
11221,2025-12-08 20:47:12+00,Maria G,OP7,,EBS757EW,EBS757EW10193,,,
11211,2025-12-08 20:11:59+00,Maria G,OP7,,EBS757EW,EBS757EW10192,,,
11200,2025-12-08 19:49:42+00,Maria G,OP7,,EBS757EW,EBS757EW10190,,,
11199,2025-12-08 19:49:31+00,Maria G,OP7,,EBS757EW,EBS757EW10191,,,
11198,2025-12-08 19:47:32+00,Maria G,OP7,,EBS757EW,EBS757EW10189,,,
11178,2025-12-08 18:23:46+00,Maria G,OP7,,EBS757EW,EBS757EW10188,,,
11177,2025-12-08 18:22:42+00,Maria G,OP7,,EBS757EW,EBS757EW10187,,,
11162,2025-12-08 17:27:46+00,Maria G,OP7,,EBS757EW,EBS757EW10185,,,
11146,2025-12-08 16:05:47+00,Maria G,OP7,,EBS757EW,EBS757EW10184,,,
11138,2025-12-08 15:37:58+00,Maria G,OP7,,EBS757EW,EBS757EW10183,,,
11137,2025-12-08 15:36:08+00,Maria G,OP7,,EBS757EW,EBS757EW10182,,,
11119,2025-12-08 14:47:42+00,Maria G,OP7,,EBS757EW,EBS757EW10181,,,
11117,2025-12-08 14:46:34+00,Maria G,OP7,,EBS757EW,EBS757EW10180,,,
11105,2025-12-08 13:57:48+00,Maria G,OP7,,EBS757EW,EBS757EW10179,,,
11104,2025-12-08 13:55:44+00,Maria G,OP7,,EBS757EW,EBS757EW10178,,,
11091,2025-12-08 13:11:25+00,Maria G,OP7,,EBS757EW,EBS757EW10177,,,
11089,2025-12-08 13:10:13+00,Maria G,OP7,,EBS757EW,EBS757EW10176,,,
10940,2025-12-04 20:19:16+00,Maria G,OP7,,EBS757EW,EBS757EW10175,,,
10939,2025-12-04 20:18:11+00,Maria G,OP7,,EBS757EW,EBS757EW10174,,,
10926,2025-12-04 19:35:43+00,Maria G,OP7,,EBS757EW,EBS757EW10173,,,
10925,2025-12-04 19:34:35+00,Maria G,OP7,,EBS757EW,EBS757EW10172,,,
10910,2025-12-04 18:28:09+00,Maria G,OP7,,EBS757EW,EBS757EW10171,,,
10900,2025-12-04 18:04:29+00,Maria G,OP7,,EBS757EW,EBS757EW10170,,,
10899,2025-12-04 18:03:10+00,Maria G,OP7,,EBS757EW,EBS757EW10169,,,
10871,2025-12-04 16:02:04+00,Maria G,OP7,,EBS757EW,EBS757EW10166,,,
10856,2025-12-04 15:01:28+00,Maria G,OP7,,EBS757EW,EBS757EW10165,,,
10855,2025-12-04 15:00:03+00,Maria G,OP7,,EBS757EW,EBS757EW10164,,,
10838,2025-12-04 14:09:00+00,Maria G,OP7,,EBS757EW,EBS757EW10162,,,
10823,2025-12-04 13:08:06+00,Maria G,OP7,,EBS757EW,EBS757EW10161,,,
10822,2025-12-04 13:05:47+00,Maria G,OP7,,EBS757EW,EBS757EW10160,,,
10782,2025-12-03 20:22:46+00,Maria G,OP7,,EBS757NW,EBS757NW10397,,,
10781,2025-12-03 20:21:40+00,Maria G,OP7,,EBS757NW,EBS757NW10396,,,
10772,2025-12-03 19:43:23+00,Maria G,OP7,,EBS757NW,EBS757NW10394,,,
10742,2025-12-03 18:13:05+00,Maria G,OP7,,EBS757NW,EBS757NW10393,,,
10741,2025-12-03 18:11:56+00,Maria G,OP7,,EBS757NW,EBS757NW10392,,,
10740,2025-12-03 18:10:46+00,Maria G,OP7,,EBS757NW,EBS757NW10391,,,
10703,2025-12-03 16:17:29+00,Maria G,OP7,,EBS757NW,EBS757NW10390,,,
10698,2025-12-03 15:53:40+00,Maria G,OP7,,EBS757NW,EBS757NW10389,,,
10693,2025-12-03 15:25:33+00,Maria G,OP7,,EBS757NW,EBS757NW10388,,,
10692,2025-12-03 15:24:02+00,Maria G,OP7,,EBS757NW,EBS757NW10387,,,
10690,2025-12-03 15:22:10+00,Maria G,OP7,,EBS757NW,EBS757NW10386,,,
10508,2025-12-02 15:45:35+00,Maria G,OP7,,EBS759EL,EBS759EL10076,,,
10507,2025-12-02 15:44:39+00,Maria G,OP7,,EBS759EL,EBS759EL10075,,,
10490,2025-12-02 15:08:39+00,Maria G,OP7,,EBS759EL,EBS759EL10074,,,
10489,2025-12-02 15:06:16+00,Maria G,OP7,,EBS759EL,EBS759EL10073,,,
10488,2025-12-02 15:05:27+00,Maria G,OP7,,EBS759EL,EBS759EL10072,,,
10457,2025-12-02 13:27:11+00,Maria G,OP7,,EBS759EL,EBS759EL10071,,,
10456,2025-12-02 13:26:03+00,Maria G,OP7,,EBS759EL,EBS759EL10070,,,
10455,2025-12-02 13:24:47+00,Maria G,OP7,,EBS759EL,EBS759EL10069,,,
10388,2025-12-01 20:22:25+00,Maria G,OP7,,EBS759EL,EBS759EL10068,,,
10387,2025-12-01 20:21:23+00,Maria G,OP7,,EBS759EL,EBS759EL10067,,,
10366,2025-12-01 19:35:55+00,Maria G,OP7,,EBS759EL,EBS759EL10066,,,
10365,2025-12-01 19:35:03+00,Maria G,OP7,,EBS759EL,EBS759EL10065,,,
10364,2025-12-01 19:33:46+00,Maria G,OP7,,EBS759EL,EBS759EL10064,,,
10346,2025-12-01 18:10:59+00,Maria G,OP7,,EBS759EL,EBS759EL10063,,,
10345,2025-12-01 18:09:54+00,Maria G,OP7,,EBS759EL,EBS759EL10062,,,
10344,2025-12-01 18:08:58+00,Maria G,OP7,,EBS759EL,EBS759EL10061,,,
10311,2025-12-01 16:24:38+00,Maria G,OP7,,EBS759EL,EBS759EL10060,,,
10308,2025-12-01 16:00:12+00,Maria G,OP7,,EBS759EL,EBS759EL10059,,,
10307,2025-12-01 15:58:49+00,Maria G,OP7,,EBS759EL,EBS759EL10058,,,
10306,2025-12-01 15:57:46+00,Maria G,OP7,,EBS759EL,EBS759EL10057,,,
10650,2025-12-03 13:55:04+00,Maria G,OP7,,EBS780NW,EBS780NW10463,,,
10649,2025-12-03 13:52:57+00,Maria G,OP7,,EBS780NW,EBS780NW10462,,,
10647,2025-12-03 13:51:48+00,Maria G,OP7,,EBS780NW,EBS780NW10461,,,
10597,2025-12-02 20:49:38+00,Maria G,OP7,,EBS780NW,EBS780NW10460,,,
10595,2025-12-02 20:45:15+00,Maria G,OP7,,EBS780NW,EBS780NW10459,,,
10577,2025-12-02 19:47:41+00,Maria G,OP7,,EBS780NW,EBS780NW10458,,,
10576,2025-12-02 19:46:15+00,Maria G,OP7,,EBS780NW,EBS780NW10457,,,
10575,2025-12-02 19:44:29+00,Maria G,OP7,,EBS780NW,EBS780NW10456,,,
10550,2025-12-02 18:18:45+00,Maria G,OP7,,EBS780NW,EBS780NW10455,,,
10549,2025-12-02 18:16:53+00,Maria G,OP7,,EBS780NW,EBS780NW10454,,,
10548,2025-12-02 18:15:06+00,Maria G,OP7,,EBS780NW,EBS780NW10453,,,
10520,2025-12-02 16:23:42+00,Maria G,OP7,,EBS780NW,EBS780NW10452,,,
9772,2025-11-20 19:46:49+00,Laura,MAIN,,P55541001,410013028,,,
9771,2025-11-20 19:18:01+00,Laura,MAIN,,P55541001,410013027,,,
11550,2025-12-10 18:28:20+00,Faye,OP4,,P5554100E,4100E11393,,,
11542,2025-12-10 18:01:50+00,Faye,OP4,,P5554100E,4100E11392,,,
10622,2025-12-03 12:12:54+00,Faye,OP4,,P5554100E,4100E11391,,,
10616,2025-12-03 11:42:51+00,Faye,OP4,,P5554100E,4100E11390,,,
10605,2025-12-02 21:21:00+00,Faye,MAIN,,P5554100E,4100E11389,,,
9805,2025-11-20 21:42:07+00,Laura,MAIN,,P5556100E1,6100E10343,,,
6788,2025-12-15 16:14:04+00,Faye,OP4,+B446P5557100E1/$+7100E11146Q,P5557100E,7100E11146,,,
6771,2025-12-15 15:26:45+00,Faye,OP4,+B446P5557100E1/$+7100E11133M,P5557100E,7100E11133,,,
6762,2025-12-15 14:52:08+00,Faye,OP4,+B446P5557100E1/$+7100E11132L,P5557100E,7100E11132,,,
6709,2025-12-15 11:45:08+00,Faye,OP4,+B446P5557100E1/$+7100E11131K,P5557100E,7100E11131,,,
11559,2025-12-10 19:17:16+00,Faye,OP4,,P5557100E,7100E11130,,,
10675,2025-12-03 14:37:35+00,Faye,OP4,,P5557100E,7100E11129,,,
10657,2025-12-03 14:09:32+00,Faye,OP4,,P5557100E,7100E11128,,,
10644,2025-12-03 13:26:22+00,Faye,OP4,,P5557100E,7100E11127,,,
10635,2025-12-03 12:53:43+00,Faye,OP4,,P5557100E,7100E11126,,,
10078,2025-11-26 14:03:59+00,Amanda,OP2,,P5557100E,7100E11125,SO,,
10070,2025-11-26 13:14:07+00,Amanda,OP2,,P5557100E,7100E11124,SO,,
6895,2025-12-16 11:14:25+00,Faye,OP4,+B446P5559100E1/$+9100E10407T,P5559100E,9100E10407,,,
11658,2025-12-11 15:41:32+00,Faye,OP4,,P5559100E,9100E10406,,,
10594,2025-12-02 20:44:30+00,Faye,MAIN,,P5559100E,9100E10405,,,
10578,2025-12-02 19:49:09+00,Faye,MAIN,,P5559100E,9100E10404,,,
6816,2025-12-16 07:43:19+00,Maria G,OP7,01008125740247531125100621PFR60W10980,PFR60W,PFR60W10980,,,
11396,2025-12-09 19:52:42+00,Maria G,OP7,,PFR60W,PFR60W10979,,,
6772,2025-12-15 15:27:43+00,Maria G,OP7,01008125740265971125121521PFR60WE214522,PFR60WE2,PFR60WE214522,,,
6768,2025-12-15 15:05:24+00,Maria G,OP7,01008125740265971125121521PFR60WE214521,PFR60WE2,PFR60WE214521,,,
6767,2025-12-15 15:03:49+00,Maria G,OP7,01008125740265971125120921PFR60WE214520,PFR60WE2,PFR60WE214520,,,
6766,2025-12-15 15:02:35+00,Maria G,OP7,01008125740265971125120921PFR60WE214519,PFR60WE2,PFR60WE214519,,,
11569,2025-12-10 19:56:24+00,Maria G,OP7,,PFR60WE2,PFR60WE214518,,,
11563,2025-12-10 19:28:25+00,Maria G,OP7,,PFR60WE2,PFR60WE214517,,,
11562,2025-12-10 19:27:08+00,Maria G,OP7,,PFR60WE2,PFR60WE214516,,,
11561,2025-12-10 19:27:02+00,Maria G,OP7,,PFR60WE2,PFR60WE214515,,,
11543,2025-12-10 18:01:37+00,Maria G,OP7,,PFR60WE2,PFR60WE214514,,,
11538,2025-12-10 18:00:24+00,Maria G,OP7,,PFR60WE2,PFR60WE214513,,,
11537,2025-12-10 17:59:20+00,Maria G,OP7,,PFR60WE2,PFR60WE214512,,,
11512,2025-12-10 16:05:29+00,Maria G,OP7,,PFR60WE2,PFR60WE214511,,,
11511,2025-12-10 16:04:18+00,Maria G,OP7,,PFR60WE2,PFR60WE214510,,,
11496,2025-12-10 15:11:41+00,Maria G,OP7,,PFR60WE2,PFR60WE214509,,,
11495,2025-12-10 15:10:35+00,Maria G,OP7,,PFR60WE2,PFR60WE214508,,,
11479,2025-12-10 14:15:22+00,Maria G,OP7,,PFR60WE2,PFR60WE214507,,,
11478,2025-12-10 14:14:12+00,Maria G,OP7,,PFR60WE2,PFR60WE214506,,,
11455,2025-12-10 13:11:06+00,Maria G,OP7,,PFR60WE2,PFR60WE214505,,,
11454,2025-12-10 13:10:06+00,Maria G,OP7,,PFR60WE2,PFR60WE214504,,,
11413,2025-12-09 20:52:00+00,Maria G,OP7,,PFR60WE2,PFR60WE214503,,,
11412,2025-12-09 20:48:57+00,Maria G,OP7,,PFR60WE2,PFR60WE214502,,,
11387,2025-12-09 19:22:28+00,Maria G,OP7,,PFR60WK,PFR60WK11426,,,
11385,2025-12-09 19:21:21+00,Maria G,OP7,,PFR60WK,PFR60WK11425,,,
11372,2025-12-09 18:26:35+00,Maria G,OP7,,PFR60WK,PFR60WK11424,,,
11359,2025-12-09 17:54:23+00,Maria G,OP7,,PFR60WK,PFR60WK11423,,,
11358,2025-12-09 17:53:06+00,Maria G,OP7,,PFR60WK,PFR60WK11422,,,
11357,2025-12-09 17:52:53+00,Maria G,OP7,,PFR60WK,PFR60WK11421,,,
11331,2025-12-09 16:03:36+00,Maria G,OP7,,PFR60WK,PFR60WK11420,,,
6749,2025-12-15 13:53:17+00,Maria G,OP7,01008125740266411125102921PFR70W11094,PFR70W,PFR70W11094,,,
11697,2025-12-11 18:26:17+00,Maria G,OP7,,PFR70W,PFR70W11093,,,
11696,2025-12-11 18:24:43+00,Maria G,OP7,,PFR70W,PFR70W11092,,,
11680,2025-12-11 17:29:50+00,Maria G,OP7,,PFR70W,PFR70W11091,,,
11679,2025-12-11 17:28:45+00,Maria G,OP7,,PFR70W,PFR70W11090,,,
11672,2025-12-11 16:29:47+00,Maria G,OP7,,PFR70W,PFR70W11089,,,
11657,2025-12-11 15:38:20+00,Maria G,OP7,,PFR70W,PFR70W11088,,,
11655,2025-12-11 15:36:40+00,Maria G,OP7,,PFR70W,PFR70W11087,,,
9955,2025-11-25 16:03:28+00,Maria G,OP7,,PFR70W,PFR70W11086,,,
9953,2025-11-25 16:02:58+00,Maria G,OP7,,PFR70W,PFR70W11085,,,
6740,2025-12-15 13:10:46+00,Maria G,OP7,01008125740247461125110321PFR70WE2N10968,PFR70WE2N,PFR70WE2N10968,,,
6739,2025-12-15 13:09:17+00,Maria G,OP7,01008125740247461125110321PFR70WE2N10967,PFR70WE2N,PFR70WE2N10967,,,
6690,2025-12-15 10:37:00+00,Maria G,OP7,01008125740247221125110321PFR80W13223,PFR80W,PFR80W13223,,,
6681,2025-12-15 10:05:34+00,Maria G,OP7,01008125740247221125110321PFR80W13222,PFR80W,PFR80W13222,,,
6680,2025-12-15 10:04:30+00,Maria G,OP7,01008125740247221125110321PFR80W13221,PFR80W,PFR80W13221,,,
6679,2025-12-15 10:03:06+00,Maria G,OP7,01008125740247221125110321PFR80W13220,PFR80W,PFR80W13220,,,
6658,2025-12-15 08:52:37+00,Maria G,OP7,01008125740247221125110321PFR80W13219,PFR80W,PFR80W13219,,,
6657,2025-12-15 08:52:31+00,Maria G,OP7,01008125740247221125110321PFR80W13218,PFR80W,PFR80W13218,,,
6656,2025-12-15 08:52:22+00,Maria G,OP7,01008125740247221125110321PFR80W13217,PFR80W,PFR80W13217,,,
6840,2025-12-16 09:05:29+00,Maria G,OP7,01008125740266721125100921PFR80WE215984,PFR80WE2,PFR80WE215984,,,
6839,2025-12-16 09:00:44+00,Maria G,OP7,01008125740266721125100921PFR80WE215983,PFR80WE2,PFR80WE215983,,,
11636,2025-12-11 14:37:35+00,Maria G,OP7,,PFR80WE2,PFR80WE215982,,,
11635,2025-12-11 14:35:20+00,Maria G,OP7,,PFR80WE2,PFR80WE215981,,,
11632,2025-12-11 14:34:26+00,Maria G,OP7,,PFR80WE2,PFR80WE215980,,,
11617,2025-12-11 13:09:09+00,Maria G,OP7,,PFR80WE2,PFR80WE215979,,,
11616,2025-12-11 13:07:58+00,Maria G,OP7,,PFR80WE2,PFR80WE215978,,,
11582,2025-12-10 20:29:40+00,Maria G,OP7,,PFR80WE2,PFR80WE215977,,,
6916,2025-12-16 12:52:27+00,Maria G,OP7,01008125740266891125100621PFR80WKN13191,PFR80WKN,PFR80WKN13191,,,
6915,2025-12-16 12:51:08+00,Maria G,OP7,01008125740266891125100621PFR80WKN13190,PFR80WKN,PFR80WKN13190,,,
6898,2025-12-16 11:20:18+00,Maria G,OP7,01008125740266891125100621PFR80WKN13189,PFR80WKN,PFR80WKN13189,,,
6896,2025-12-16 11:19:02+00,Maria G,OP7,01008125740266891125100621PFR80WKN13188,PFR80WKN,PFR80WKN13188,,,
6862,2025-12-16 10:14:45+00,Maria G,OP7,01008125740266891125100621PFR80WKN13187,PFR80WKN,PFR80WKN13187,,,
6861,2025-12-16 10:13:14+00,Maria G,OP7,01008125740266891125100621PFR80WKN13186,PFR80WKN,PFR80WKN13186,,,
6704,2025-12-15 11:15:11+00,Maria G,OP7,01008125740266891125100621PFR80WKN13185,PFR80WKN,PFR80WKN13185,,,
6597,2025-12-17 20:11:01+00,Maria G,OP7,01008125740266961125121521PFR80WN10492,PFR80WN,PFR80WN10492,,,
6596,2025-12-17 20:09:55+00,Maria G,OP7,01008125740266961125121521PFR80WN10491,PFR80WN,PFR80WN10491,,,
6595,2025-12-17 20:09:10+00,Maria G,OP7,01008125740266961125072821PFR80WN10490,PFR80WN,PFR80WN10490,,,
6964,2025-12-16 15:50:47+00,Maria G,OP7,01008125740266961125072821PFR80WN10489,PFR80WN,PFR80WN10489,,,
11715,2025-12-11 19:51:41+00,Maria G,OP7,,PFR80WN,PFR80WN10488,,,
6957,2025-12-16 15:07:55+00,Maria G,OP7,01008125740267191125121621PFR8WE210776,PFR8WE2,PFR8WE210776,,,
6956,2025-12-16 15:07:34+00,Maria G,OP7,01008125740267191125121621PFR8WE210775,PFR8WE2,PFR8WE210775,,,
6955,2025-12-16 15:07:07+00,Maria G,OP7,01008125740267191125121621PFR8WE210774,PFR8WE2,PFR8WE210774,,,
7000,2025-12-17 21:02:26+00,Maria G,OP7,01008125740249821125112521PFR8WK10501,PFR8WK,PFR8WK10501,,,
11704,2025-12-11 19:15:33+00,Maria G,OP7,,PFR8WK,PFR8WK10500,,,
11320,2025-12-09 15:29:45+00,Maria G,OP7,,PFR8WK,PFR8WK10499,,,
9975,2025-11-25 17:39:00+00,Maria G,OP7,,PFR8WK,PFR8WK10498,,,
9974,2025-11-25 17:38:37+00,Maria G,OP7,,PFR8WK,PFR8WK10497,,,
12098,2025-12-22 15:54:58.613339+00,Karisha,OP5,+B446PUL9000K0/$+PUL9000K29568$,PUL9000K,PUL9000K29568,.,PUL9000K29568-OP5-1766418863911,
12086,2025-12-22 15:08:25.717202+00,Karisha,OP5,+B446PUL9000K0/$+PUL9000K29567,PUL9000K,PUL9000K29567,.,PUL9000K29567-OP5-1766416071038,
12083,2025-12-22 15:06:57.186964+00,Karisha,OP5,+B446PUL9000K0/$+PUL9000K29566.,PUL9000K,PUL9000K29566,.,PUL9000K29566-OP5-1766415982535,
12064,2025-12-22 14:43:07.535356+00,Debbie M,OP10,+B446PUL9000K0/$+PUL9000K29559$,PUL9000K,PUL9000K29559,,PUL9000K29559-OP10-1766414567376,
12063,2025-12-22 14:43:02.052758+00,Debbie M,OP10,+B446PUL9000K0/$+PUL9000K29558,PUL9000K,PUL9000K29558,,PUL9000K29558-OP10-1766414561572,
12055,2025-12-22 14:16:35.256149+00,Karisha,OP5,+B446PUL9000K0/$+PUL9000K29565-,PUL9000K,PUL9000K29565,.,PUL9000K29565-OP5-1766412960607,
12052,2025-12-22 14:14:56.608275+00,Karisha,OP5,+B446PUL9000K0/$+PUL9000K29564Z,PUL9000K,PUL9000K29564,.,PUL9000K29564-OP5-1766412861937,
12051,2025-12-22 14:14:05.350166+00,Karisha,OP5,+B446PUL9000K0/$+PUL9000K29545Y,PUL9000K,PUL9000K29545,.,PUL9000K29545-OP5-1766412810678,
12047,2025-12-22 14:09:58.529111+00,Karisha,OP5,+B446PUL9000K0/$+PUL9000K29544X,PUL9000K,PUL9000K29544,.,PUL9000K29544-OP5-1766412563810,
12014,2025-12-22 13:03:50.658834+00,Debbie M,OP10,+B446PUL9000K0/$+PUL9000K29557.,PUL9000K,PUL9000K29557,,PUL9000K29557-OP10-1766408610511,
12013,2025-12-22 13:03:42.24433+00,Debbie M,OP10,+B446PUL9000K0/$+PUL9000K29556-,PUL9000K,PUL9000K29556,,PUL9000K29556-OP10-1766408602016,
11991,2025-12-22 11:45:25.950996+00,Amanda,OP2,+B446PUL9000K0/$+PUL9000K29543W,PUL9000K,PUL9000K29543,No usb,PUL9000K29543-OP2-1766403890777,
11981,2025-12-20 14:55:08.037585+00,Karisha,OP5,+B446PUL9000K0/$+PUL9000K29542V,PUL9000K,PUL9000K29542,.,PUL9000K29542-OP5-1766242481192,
11980,2025-12-20 14:22:14.929741+00,Karisha,OP5,+B446PUL9000K0/$+PUL9000K29541U,PUL9000K,PUL9000K29541,.,PUL9000K29541-OP5-1766240507917,
11979,2025-12-20 14:21:33.498508+00,Karisha,OP5,+B446PUL9000K0/$+PUL9000K29540T,PUL9000K,PUL9000K29540,.,PUL9000K29540-OP5-1766240466685,
11978,2025-12-20 14:19:42.594121+00,Karisha,OP5,+B446PUL9000K0/$+PUL9000K29539.,PUL9000K,PUL9000K29539,,PUL9000K29539-OP5-1766240355690,
11954,2025-12-19 19:47:17.483786+00,Karisha,OP5,+B446PUL9000K0/$+PUL9000K29538-,PUL9000K,PUL9000K29538,,PUL9000K29538-OP5-1766173613892,
11953,2025-12-19 19:44:10.956709+00,Karisha,OP5,+B446PUL9000K0/$+PUL9000K29537Z,PUL9000K,PUL9000K29537,,PUL9000K29537-OP5-1766173427331,
11951,2025-12-19 19:30:43.653283+00,Debbie M,OP10,+B446PUL9000K0/$+PUL9000K29555Z,PUL9000K,PUL9000K29555,,PUL9000K29555-OP10-1766172639568,
11950,2025-12-19 19:27:10.776787+00,Debbie M,OP10,+B446PUL9000K0/$+PUL9000K29554Y,PUL9000K,PUL9000K29554,,PUL9000K29554-OP10-1766172426600,
11948,2025-12-19 19:14:58.503745+00,Karisha,OP5,+B446PUL9000K0/$+PUL9000K29536Y,PUL9000K,PUL9000K29536,,PUL9000K29536-OP5-1766171674887,
11942,2025-12-19 18:24:13.150339+00,Karisha,OP5,+B446PUL9000K0/$+PUL9000K29535X,PUL9000K,PUL9000K29535,,PUL9000K29535-OP5-1766168629474,
11938,2025-12-19 17:36:37.458803+00,Karisha,OP5,+B446PUL9000K0/$+PUL9000K29534W,PUL9000K,PUL9000K29534,,PUL9000K29534-OP5-1766165773854,
11937,2025-12-19 16:59:27.332738+00,Karisha,OP5,+B446PUL9000K0/$+PUL9000K29533V,PUL9000K,PUL9000K29533,,PUL9000K29533-OP5-1766163543656,
11931,2025-12-19 16:25:29.503278+00,Debbie M,OP10,+B446PUL9000K0/$+PUL9000K29551V,PUL9000K,PUL9000K29551,,PUL9000K29551-OP10-1766161525168,
11925,2025-12-19 15:42:15.028317+00,Karisha,OP5,+B446PUL9000K0/$+PUL9000K29532U,PUL9000K,PUL9000K29532,,PUL9000K29532-OP5-1766158911425,
11923,2025-12-19 15:36:25.158389+00,Debbie M,OP10,+B446PUL9000K0/$+PUL9000K29550U,PUL9000K,PUL9000K29550,,PUL9000K29550-OP10-1766158581046,
11922,2025-12-19 15:11:23.941911+00,Karisha,OP5,+B446PUL9000K0/$+PUL9000K29531T,PUL9000K,PUL9000K29531,,PUL9000K29531-OP5-1766157060269,
11919,2025-12-19 15:10:46.855085+00,Karisha,OP5,+B446PUL9000K0/$+PUL9000K29530S,PUL9000K,PUL9000K29530,,PUL9000K29530-OP5-1766157023264,
11917,2025-12-19 15:09:06.513005+00,Karisha,OP5,+B446PUL9000K0/$+PUL9000K29529-,PUL9000K,PUL9000K29529,,PUL9000K29529-OP5-1766156922941,
11916,2025-12-19 15:08:11.583426+00,Karisha,OP5,+B446PUL9000K0/$+PUL9000K29528Z,PUL9000K,PUL9000K29528,,PUL9000K29528-OP5-1766156867849,
11914,2025-12-19 14:49:31.898286+00,Debbie M,OP10,+B446PUL9000K0/$+PUL9000K29549,PUL9000K,PUL9000K29549,,PUL9000K29549-OP10-1766155767736,
11913,2025-12-19 14:46:52.150188+00,Amanda,OP2,+B446PUL9000K0/$+PUL9000K29527Y,PUL9000K,PUL9000K29527,No usb,PUL9000K29527-OP2-1766155588956,
11907,2025-12-19 14:07:16.010495+00,Amanda,OP2,+B446PUL9000K0/$+PUL9000K29526X,PUL9000K,PUL9000K29526,No usb,PUL9000K29526-OP2-1766153212853,
11906,2025-12-19 14:07:05.32173+00,Debbie M,OP10,+B446PUL9000K0/$+PUL9000K29548.,PUL9000K,PUL9000K29548,,PUL9000K29548-OP10-1766153221165,
11901,2025-12-19 13:14:24.829506+00,Debbie M,OP10,+B446PUL9000K0/$+PUL9000K29547-,PUL9000K,PUL9000K29547,,PUL9000K29547-OP10-1766150060705,
11900,2025-12-19 13:14:04.316552+00,Debbie M,OP10,+B446PUL9000K0/$+PUL9000K29546Z,PUL9000K,PUL9000K29546,,PUL9000K29546-OP10-1766150040116,
11899,2025-12-19 13:13:53.53238+00,Amanda,OP2,+B446PUL9000K0/$+PUL9000K29525W,PUL9000K,PUL9000K29525,No usb,PUL9000K29525-OP2-1766150010340,
11893,2025-12-19 12:29:15.964501+00,Amanda,OP2,+B446PUL9000K0/$+PUL9000K29524V,PUL9000K,PUL9000K29524,No usb,PUL9000K29524-OP2-1766147332791,
11891,2025-12-19 11:53:13.342516+00,Amanda,OP2,+B446PUL9000K0/$+PUL9000K29523U,PUL9000K,PUL9000K29523,No usb,PUL9000K29523-OP2-1766145170129,
11873,2025-12-18 21:38:43.726033+00,Karisha,OP5,+B446PUL9000K0/$+PUL9000K29522T,PUL9000K,PUL9000K29522,,,
11869,2025-12-18 21:18:48.51435+00,Karisha,OP5,+B446PUL9000K0/$+PUL9000K29521S,PUL9000K,PUL9000K29521,,,
11865,2025-12-18 21:15:44.910635+00,Karisha,OP5,+B446PUL9000K0/$+PUL9000K29520R,PUL9000K,PUL9000K29520,,,
11853,2025-12-18 19:52:19.712189+00,Karisha,OP5,+B446PUL9000K0/$+PUL9000K29519Z,PUL9000K,PUL9000K29519,,,
11852,2025-12-18 19:49:46.929642+00,Karisha,OP5,+B446PUL9000K0/$+PUL9000K29518Y,PUL9000K,PUL9000K29518,,,
11835,2025-12-18 18:20:47.676048+00,Karisha,OP5,+B446PUL9000K0/$+PUL9000K29515V,PUL9000K,PUL9000K29515,,,
11834,2025-12-18 18:17:59.738034+00,Karisha,OP5,+B446PUL9000K0/$+PUL9000K29514U,PUL9000K,PUL9000K29514,,,
11823,2025-12-18 17:33:39.367+00,Karisha,OP5,+B446PUL9000K0/$+PUL9000K29517X,PUL9000K,PUL9000K29517,,,
11822,2025-12-18 17:02:50.960679+00,Amanda,OP2,+B446PUL9000K0/$+PUL9000K29513T,PUL9000K,PUL9000K29513,,,
11820,2025-12-18 16:57:51.276449+00,Karisha,OP5,+B446PUL9000K0/$+PUL9000K29516W,PUL9000K,PUL9000K29516,,,
11811,2025-12-18 16:01:29.960518+00,Karisha,OP5,+B446PUL9000K0/$+PUL9000K29509Y,PUL9000K,PUL9000K29509,,,
11808,2025-12-18 15:52:10.601332+00,Amanda,OP2,+B446PUL9000K0/$+PUL9000K29512S,PUL9000K,PUL9000K29512,,,
9696,2025-12-18 15:14:42.494693+00,Amanda,OP2,+B446PUL9000K0/$+PUL9000K29511R,PUL9000K,PUL9000K29511,,,
9695,2025-12-18 15:09:17.003345+00,Karisha,OP5,+B446PUL9000K0/$+PUL9000K29508X,PUL9000K,PUL9000K29508,,,
9694,2025-12-18 15:07:07.933786+00,Karisha,OP5,+B446PUL9000K0/$+PUL9000K29507W,PUL9000K,PUL9000K29507,,,
9689,2025-12-18 14:34:27.016574+00,Amanda,OP2,+B446PUL9000K0/$+PUL9000K29510Q,PUL9000K,PUL9000K29510,,,
9677,2025-12-18 13:56:04.557235+00,Amanda,OP2,+B446PUL9000K0/$+PUL9000K29503S,PUL9000K,PUL9000K29503,,,
9676,2025-12-18 13:54:15.968122+00,Karisha,OP5,+B446PUL9000K0/$+PUL9000K29506V,PUL9000K,PUL9000K29506,,,
9675,2025-12-18 13:53:11.139046+00,Karisha,OP5,+B446PUL9000K0/$+PUL9000K29505U,PUL9000K,PUL9000K29505,,,
9674,2025-12-18 13:51:38.034219+00,Karisha,OP5,+B446PUL9000K0/$+PUL9000K29504T,PUL9000K,PUL9000K29504,,,
9661,2025-12-18 13:28:58.186016+00,Karisha,OP5,+B446PUL9000K0/$+PUL9000K29497/,PUL9000K,PUL9000K29497,,,
9659,2025-12-18 13:08:55.555488+00,Amanda,OP2,+B446PUL9000K0/$+PUL9000K29502R,PUL9000K,PUL9000K29502,,,
9649,2025-12-18 12:28:43.038676+00,Amanda,OP2,+B446PUL9000K0/$+PUL9000K29501Q,PUL9000K,PUL9000K29501,,,
9645,2025-12-18 11:47:03.213953+00,Amanda,OP2,+B446PUL9000K0/$+PUL9000K29500P,PUL9000K,PUL9000K29500,,,
128,2025-12-17 21:33:42.836686+00,Karisha,OP5,+B446PUL9000K0/$+PUL9000K29496$,PUL9000K,PUL9000K29496,,,
7009,2025-12-17 21:18:13+00,Brenda,OP1,+B446PUL9000K0/$+PUL9000K29477,PUL9000K,PUL9000K29477,,,
7006,2025-12-17 21:14:00+00,Karisha,OP5,+B446PUL9000K0/$+PUL9000K29486,PUL9000K,PUL9000K29486,,,
7004,2025-12-17 21:10:10+00,Karisha,OP5,+B446PUL9000K0/$+PUL9000K29473Y,PUL9000K,PUL9000K29473,,,
123,2025-12-17 21:07:48.833988+00,Amanda,OP2,+B446PUL9000K0/$+PUL9000K29499%,PUL9000K,PUL9000K29499,,,
122,2025-12-17 21:06:37.092622+00,Karisha,OP5,+B446PUL9000K0/$+PUL9000K29495,PUL9000K,PUL9000K29495,,,
116,2025-12-17 20:47:47.294289+00,Karisha,OP5,+B446PUL9000K0/$+PUL9000K29494.,PUL9000K,PUL9000K29494,,,
111,2025-12-17 20:44:07.294876+00,Karisha,OP5,+B446PUL9000K0/$+PUL9000K29493-,PUL9000K,PUL9000K29493,,,
6998,2025-12-17 20:44:00+00,Brenda,OP1,+B446PUL9000K0/$+PUL9000K29476.,PUL9000K,PUL9000K29476,,,
105,2025-12-17 20:11:48.262235+00,Amanda,OP2,+B446PUL9000K0/$+PUL9000K29498+,PUL9000K,PUL9000K29498,,,
6606,2025-12-17 20:03:57+00,Karisha,OP5,+B446PUL9000K0/$+PUL9000K29472X,PUL9000K,PUL9000K29472,,,
6608,2025-12-17 20:01:04+00,Brenda,OP1,+B446PUL9000K0/$+PUL9000K29475-,PUL9000K,PUL9000K29475,,,
102,2025-12-17 19:59:09.543278+00,Brenda,OP1,+B446PUL9000K0/$+PUL9000K29485.,PUL9000K,PUL9000K29485,,,
6605,2025-12-17 19:57:37+00,Karisha,OP5,+B446PUL9000K0/$+PUL9000K29471W,PUL9000K,PUL9000K29471,,,
6604,2025-12-17 19:56:08+00,Karisha,OP5,+B446PUL9000K0/$+PUL9000K29470V,PUL9000K,PUL9000K29470,,,
6607,2025-12-17 19:28:43+00,Brenda,OP1,+B446PUL9000K0/$+PUL9000K29474Z,PUL9000K,PUL9000K29474,,,
94,2025-12-17 19:25:35.200018+00,Brenda,OP1,+B446PUL9000K0/$+PUL9000K29484-,PUL9000K,PUL9000K29484,,,
6603,2025-12-17 18:56:30+00,Brenda,OP1,+B446PUL9000K0/$+PUL9000K29461V,PUL9000K,PUL9000K29461,,,
6602,2025-12-17 18:20:49+00,Brenda,OP1,+B446PUL9000K0/$+PUL9000K29460U,PUL9000K,PUL9000K29460,,,
6598,2025-12-17 12:00:00+00,Karisha,,,PUL9000K,PUL9000K29488,,,
6599,2025-12-17 12:00:00+00,Karisha,,,PUL9000K,PUL9000K29489,,,
6600,2025-12-17 12:00:00+00,Karisha,,,PUL9000K,PUL9000K29490,,,
6601,2025-12-17 12:00:00+00,Karisha,,,PUL9000K,PUL9000K29491,,,
6986,2025-12-16 16:39:38+00,Karisha,OP5,+B446PUL9000K0/$+PUL9000K29469$,PUL9000K,PUL9000K29469,,,
6977,2025-12-16 16:06:32+00,Karisha,OP5,+B446PUL9000K0/$+PUL9000K29468,PUL9000K,PUL9000K29468,,,
6976,2025-12-16 16:06:16+00,Karisha,OP5,+B446PUL9000K0/$+PUL9000K29467.,PUL9000K,PUL9000K29467,,,
6954,2025-12-16 15:06:42+00,Karisha,OP5,+B446PUL9000K0/$+PUL9000K29466-,PUL9000K,PUL9000K29466,,,
6953,2025-12-16 15:05:26+00,Karisha,OP5,+B446PUL9000K0/$+PUL9000K29465Z,PUL9000K,PUL9000K29465,,,
6950,2025-12-16 14:56:20+00,Brenda,OP1,+B446PUL9000K0/$+PUL9000K29459,PUL9000K,PUL9000K29459,,,
6942,2025-12-16 14:25:28+00,Brenda,OP1,+B446PUL9000K0/$+PUL9000K29458.,PUL9000K,PUL9000K29458,,,
6930,2025-12-16 13:53:06+00,Karisha,OP5,+B446PUL9000K0/$+PUL9000K29464Y,PUL9000K,PUL9000K29464,,,
6928,2025-12-16 13:51:18+00,Brenda,OP1,+B446PUL9000K0/$+PUL9000K29457-,PUL9000K,PUL9000K29457,,,
6927,2025-12-16 13:50:51+00,Karisha,OP5,+B446PUL9000K0/$+PUL9000K29463X,PUL9000K,PUL9000K29463,,,
6918,2025-12-16 13:07:57+00,Brenda,OP1,+B446PUL9000K0/$+PUL9000K29456Z,PUL9000K,PUL9000K29456,,,
6911,2025-12-16 12:39:24+00,Karisha,OP5,+B446PUL9000K0/$+PUL9000K29462W,PUL9000K,PUL9000K29462,,,
6902,2025-12-16 11:30:36+00,Karisha,OP5,+B446PUL9000K0/$+PUL9000K29455Y,PUL9000K,PUL9000K29455,,,
6871,2025-12-16 10:52:39+00,Karisha,OP5,+B446PUL9000K0/$+PUL9000K29454X,PUL9000K,PUL9000K29454,,,
6870,2025-12-16 10:51:56+00,Karisha,OP5,+B446PUL9000K0/$+PUL9000K29453W,PUL9000K,PUL9000K29453,,,
6848,2025-12-16 09:25:08+00,Karisha,OP5,+B446PUL9000K0/$+PUL9000K29452V,PUL9000K,PUL9000K29452,,,
6837,2025-12-16 08:59:56+00,Karisha,OP5,+B446PUL9000K0/$+PUL9000K29451U,PUL9000K,PUL9000K29451,,,
6833,2025-12-16 08:46:50+00,Karisha,OP5,+B446PUL9000K0/$+PUL9000K29450T,PUL9000K,PUL9000K29450,,,
6832,2025-12-16 08:44:06+00,Karisha,OP5,+B446PUL9000K0/$+PUL9000K29449.,PUL9000K,PUL9000K29449,,,
6831,2025-12-16 08:30:22+00,Karisha,OP5,+B446PUL9000K0/$+PUL9000K29448-,PUL9000K,PUL9000K29448,,,
6805,2025-12-16 06:43:15+00,Amanda,OP2,+B446PUL9000K0/$+PUL9000K29447Z,PUL9000K,PUL9000K29447,,,
6780,2025-12-15 15:56:15+00,Amanda,OP2,+B446PUL9000K0/$+PUL9000K29446Y,PUL9000K,PUL9000K29446,,,
6727,2025-12-15 11:59:37+00,Amanda,OP2,+B446PUL9000K0/$+PUL9000K29445X,PUL9000K,PUL9000K29445,,,
6683,2025-12-15 10:10:49+00,Karisha,OP5,+B446PUL9000K0/$+PUL9000K29444W,PUL9000K,PUL9000K29444,,,
6682,2025-12-15 10:07:36+00,Karisha,OP5,+B446PUL9000K0/$+PUL9000K29443V,PUL9000K,PUL9000K29443,,,
6676,2025-12-15 10:00:49+00,Karisha,OP5,+B446PUL9000K0/$+PUL9000K29442U,PUL9000K,PUL9000K29442,,,
6655,2025-12-15 08:51:56+00,Karisha,OP5,+B446PUL9000K0/$+PUL9000K29431S,PUL9000K,PUL9000K29431,,,
6653,2025-12-15 08:47:08+00,Karisha,OP5,+B446PUL9000K0/$+PUL9000K29430R,PUL9000K,PUL9000K29430,,,
6632,2025-12-15 07:02:58+00,Evis,MAIN,+B446PUL9000K0/$+PUL9000K29429Z,PUL9000K,PUL9000K29429,,,
6631,2025-12-15 07:02:50+00,Evis,MAIN,+B446PUL9000K0/$+PUL9000K29428Y,PUL9000K,PUL9000K29428,,,
6630,2025-12-15 07:02:31+00,Evis,MAIN,+B446PUL9000K0/$+PUL9000K29427X,PUL9000K,PUL9000K29427,,,
6629,2025-12-15 07:02:19+00,Evis,MAIN,+B446PUL9000K0/$+PUL9000K29426W,PUL9000K,PUL9000K29426,,,
6628,2025-12-15 07:02:06+00,Evis,MAIN,+B446PUL9000K0/$+PUL9000K29425V,PUL9000K,PUL9000K29425,,,
6627,2025-12-15 07:02:00+00,Evis,MAIN,+B446PUL9000K0/$+PUL9000K29424U,PUL9000K,PUL9000K29424,,,
6626,2025-12-15 07:01:53+00,Evis,MAIN,+B446PUL9000K0/$+PUL9000K29423T,PUL9000K,PUL9000K29423,,,
6625,2025-12-15 07:01:42+00,Evis,MAIN,+B446PUL9000K0/$+PUL9000K29422S,PUL9000K,PUL9000K29422,,,
6624,2025-12-15 07:01:21+00,Evis,MAIN,+B446PUL9000K0/$+PUL9000K29421R,PUL9000K,PUL9000K29421,,,
6623,2025-12-15 07:00:23+00,Evis,MAIN,+B446PUL9000K0/$+PUL9000K29420Q,PUL9000K,PUL9000K29420,,,
11795,2025-12-12 19:29:31+00,Maria G,OP7,,PUL9000K,PUL9000K29441,,,
11794,2025-12-12 19:26:03+00,Maria G,OP7,,PUL9000K,PUL9000K29440,,,
11791,2025-12-12 18:26:29+00,Maria G,OP7,,PUL9000K,PUL9000K29437,,,
11790,2025-12-12 18:25:29+00,Maria G,OP7,,PUL9000K,PUL9000K29436,,,
11789,2025-12-12 18:24:19+00,Maria G,OP7,,PUL9000K,PUL9000K29435,,,
11786,2025-12-12 17:27:05+00,Karisha,OP5,,PUL9000K,PUL9000K29439,,,
11783,2025-12-12 17:24:46+00,Karisha,OP5,,PUL9000K,PUL9000K29438,,,
11777,2025-12-12 16:29:49+00,Karisha,OP5,,PUL9000K,PUL9000K29419,,,
11776,2025-12-12 16:27:40+00,Karisha,OP5,,PUL9000K,PUL9000K29418,,,
11775,2025-12-12 16:26:25+00,Maria G,OP7,,PUL9000K,PUL9000K29434,,,
11774,2025-12-12 16:24:50+00,Maria G,OP7,,PUL9000K,PUL9000K29433,,,
11773,2025-12-12 16:23:02+00,Maria G,OP7,,PUL9000K,PUL9000K29432,,,
11766,2025-12-12 15:05:43+00,Karisha,OP5,,PUL9000K,PUL9000K29383,,,
11765,2025-12-12 15:01:13+00,Maria G,OP7,,PUL9000K,PUL9000K29413,,,
11764,2025-12-12 14:59:42+00,Maria G,OP7,,PUL9000K,PUL9000K29412,,,
11761,2025-12-12 14:24:54+00,Karisha,OP5,,PUL9000K,PUL9000K29417,,,
11760,2025-12-12 14:19:34+00,Karisha,OP5,,PUL9000K,PUL9000K29416,,,
11758,2025-12-12 14:16:53+00,Karisha,OP5,,PUL9000K,PUL9000K29415,,,
11757,2025-12-12 14:12:33+00,Karisha,OP5,,PUL9000K,PUL9000K29414,,,
11755,2025-12-12 13:54:10+00,Maria G,OP7,,PUL9000K,PUL9000K29411,,,
11754,2025-12-12 13:52:53+00,Maria G,OP7,,PUL9000K,PUL9000K29410,,,
11753,2025-12-12 13:51:35+00,Maria G,OP7,,PUL9000K,PUL9000K29409,,,
11747,2025-12-12 13:18:33+00,Amanda,OP2,,PUL9000K,PUL9000K29382,,,
11746,2025-12-12 12:31:31+00,Amanda,OP2,,PUL9000K,PUL9000K29381,,,
11744,2025-12-12 11:46:44+00,Amanda,OP2,,PUL9000K,PUL9000K29380,,,
11742,2025-12-11 21:48:23+00,Evis,MAIN,,PUL9000K,PUL9000K29407,,,
11741,2025-12-11 21:43:17+00,Karisha,OP5,,PUL9000K,PUL9000K29401,,,
11740,2025-12-11 21:42:35+00,Karisha,OP5,,PUL9000K,PUL9000K29400,,,
11739,2025-12-11 21:32:50+00,Evis,MAIN,,PUL9000K,PUL9000K29406,,,
11733,2025-12-11 21:12:40+00,Amanda,OP2,,PUL9000K,PUL9000K29379,,,
11731,2025-12-11 20:53:32+00,Evis,MAIN,,PUL9000K,PUL9000K29405,,,
11730,2025-12-11 20:49:56+00,Karisha,OP5,,PUL9000K,PUL9000K29399,,,
11725,2025-12-11 20:23:52+00,Maria G,OP7,,PUL9000K,PUL9000K29408,,,
11722,2025-12-11 20:10:22+00,Amanda,OP2,,PUL9000K,PUL9000K29378,,,
11721,2025-12-11 20:09:48+00,Evis,MAIN,,PUL9000K,PUL9000K29404,,,
11716,2025-12-11 19:52:33+00,Karisha,OP5,,PUL9000K,PUL9000K29398,,,
11714,2025-12-11 19:50:41+00,Karisha,OP5,,PUL9000K,PUL9000K29397,,,
11706,2025-12-11 19:25:15+00,Evis,MAIN,,PUL9000K,PUL9000K29403,,,
11703,2025-12-11 19:13:01+00,Evis,MAIN,,PUL9000K,PUL9000K29402,,,
11694,2025-12-11 18:11:01+00,Amanda,OP2,,PUL9000K,PUL9000K29377,,,
11691,2025-12-11 18:07:57+00,Karisha,OP5,,PUL9000K,PUL9000K29396,,,
11690,2025-12-11 18:01:12+00,Karisha,OP5,,PUL9000K,PUL9000K29389,,,
11689,2025-12-11 17:59:42+00,Evis,MAIN,,PUL9000K,PUL9000K29395,,,
11678,2025-12-11 17:12:07+00,Evis,MAIN,,PUL9000K,PUL9000K29394,,,
11676,2025-12-11 17:03:41+00,Evis,MAIN,,PUL9000K,PUL9000K29393,,,
11675,2025-12-11 16:47:19+00,Karisha,OP5,,PUL9000K,PUL9000K29388,,,
11664,2025-12-11 15:55:51+00,Karisha,OP5,,PUL9000K,PUL9000K29387,,,
11660,2025-12-11 15:48:31+00,Evis,MAIN,,PUL9000K,PUL9000K29392,,,
11659,2025-12-11 15:47:29+00,Amanda,OP2,,PUL9000K,PUL9000K29376,,,
11653,2025-12-11 15:29:59+00,Evis,MAIN,,PUL9000K,PUL9000K29391,,,
11651,2025-12-11 15:26:42+00,Karisha,OP5,,PUL9000K,PUL9000K29386,,,
11648,2025-12-11 15:23:52+00,Karisha,OP5,,PUL9000K,PUL9000K29385,,,
11647,2025-12-11 15:22:35+00,Karisha,OP5,,PUL9000K,PUL9000K29384,,,
11643,2025-12-11 14:58:29+00,Evis,MAIN,,PUL9000K,PUL9000K29390,,,
11642,2025-12-11 14:58:11+00,Amanda,OP2,,PUL9000K,PUL9000K29375,,,
11641,2025-12-11 14:57:44+00,Evis,MAIN,,PUL9000K,PUL9000K29371,,,
11630,2025-12-11 14:15:25+00,Amanda,OP2,,PUL9000K,PUL9000K29374,,,
11626,2025-12-11 14:00:55+00,Evis,MAIN,,PUL9000K,PUL9000K29370,,,
11624,2025-12-11 13:56:02+00,Karisha,OP5,,PUL9000K,PUL9000K29365,,,
11622,2025-12-11 13:49:48+00,Evis,MAIN,,PUL9000K,PUL9000K29369,,,
11619,2025-12-11 13:21:48+00,Amanda,OP2,,PUL9000K,PUL9000K29373,,,
11614,2025-12-11 13:05:52+00,Karisha,OP5,,PUL9000K,PUL9000K29364,,,
11613,2025-12-11 13:04:41+00,Karisha,OP5,,PUL9000K,PUL9000K29363,,,
11611,2025-12-11 13:03:21+00,Karisha,OP5,,PUL9000K,PUL9000K29362,,,
11607,2025-12-11 12:52:36+00,Evis,MAIN,,PUL9000K,PUL9000K29368,,,
11603,2025-12-11 12:38:07+00,Amanda,OP2,,PUL9000K,PUL9000K29372,,,
11600,2025-12-11 12:17:00+00,Evis,MAIN,,PUL9000K,PUL9000K29367,,,
11594,2025-12-10 21:43:43+00,Evis,MAIN,,PUL9000K,PUL9000K29366,,,
11593,2025-12-10 21:38:09+00,Karisha,OP5,,PUL9000K,PUL9000K29361,,,
11592,2025-12-10 21:34:48+00,Karisha,OP5,,PUL9000K,PUL9000K29360,,,
11590,2025-12-10 21:19:05+00,Evis,MAIN,,PUL9000K,PUL9000K29359,,,
11584,2025-12-10 20:45:37+00,Evis,MAIN,,PUL9000K,PUL9000K29358,,,
11581,2025-12-10 20:29:38+00,Karisha,OP5,,PUL9000K,PUL9000K29353,,,
11571,2025-12-10 20:01:41+00,Karisha,OP5,,PUL9000K,PUL9000K29352,,,
11570,2025-12-10 19:57:56+00,Evis,MAIN,,PUL9000K,PUL9000K29357,,,
11564,2025-12-10 19:28:57+00,Karisha,OP5,,PUL9000K,PUL9000K29351,,,
11558,2025-12-10 19:12:30+00,Evis,MAIN,,PUL9000K,PUL9000K29356,,,
11553,2025-12-10 18:50:38+00,Karisha,OP5,,PUL9000K,PUL9000K29350,,,
11552,2025-12-10 18:49:03+00,Karisha,OP5,,PUL9000K,PUL9000K29349,,,
11551,2025-12-10 18:45:58+00,Evis,MAIN,,PUL9000K,PUL9000K29355,,,
11545,2025-12-10 18:10:16+00,Evis,MAIN,,PUL9000K,PUL9000K29354,,,
11522,2025-12-10 16:37:38+00,Karisha,OP5,,PUL9000K,PUL9000K29348,,,
11518,2025-12-10 16:21:21+00,Karisha,OP5,,PUL9000K,PUL9000K29347,,,
11503,2025-12-10 15:34:26+00,Karisha,OP5,,PUL9000K,PUL9000K29346,,,
11501,2025-12-10 15:31:40+00,Karisha,OP5,,PUL9000K,PUL9000K29345,,,
11481,2025-12-10 14:23:05+00,Karisha,OP5,,PUL9000K,PUL9000K29344,,,
11480,2025-12-10 14:21:14+00,Karisha,OP5,,PUL9000K,PUL9000K29343,,,
11463,2025-12-10 13:46:08+00,Karisha,OP5,,PUL9000K,PUL9000K29342,,,
11452,2025-12-10 12:58:22+00,Karisha,OP5,,PUL9000K,PUL9000K29341,,,
11449,2025-12-10 12:55:44+00,Karisha,OP5,,PUL9000K,PUL9000K29340,,,
11426,2025-12-09 21:37:03+00,Karisha,OP5,,PUL9000K,PUL9000K29339,,,
11421,2025-12-09 21:10:04+00,Karisha,OP5,,PUL9000K,PUL9000K29338,,,
11411,2025-12-09 20:46:41+00,Maria L,OP12,,PUL9000K,PUL9000K29337,,,
11406,2025-12-09 20:13:07+00,Karisha,OP5,,PUL9000K,PUL9000K29335,,,
11404,2025-12-09 20:10:56+00,Karisha,OP5,,PUL9000K,PUL9000K29334,,,
11401,2025-12-09 20:06:54+00,Karisha,OP5,,PUL9000K,PUL9000K29333,,,
11397,2025-12-09 19:59:43+00,Maria L,OP12,,PUL9000K,PUL9000K29336,,,
11370,2025-12-09 18:20:18+00,Karisha,OP5,,PUL9000K,PUL9000K29332,,,
11368,2025-12-09 18:16:57+00,Karisha,OP5,,PUL9000K,PUL9000K29331,,,
11340,2025-12-09 16:42:17+00,Karisha,OP5,,PUL9000K,PUL9000K29330,,,
11339,2025-12-09 16:40:05+00,Karisha,OP5,,PUL9000K,PUL9000K29329,,,
11332,2025-12-09 16:06:06+00,Karisha,OP5,,PUL9000K,PUL9000K29328,,,
11310,2025-12-09 14:55:07+00,Karisha,OP5,,PUL9000K,PUL9000K29327,,,
11309,2025-12-09 14:49:57+00,Karisha,OP5,,PUL9000K,PUL9000K29326,,,
11286,2025-12-09 13:50:30+00,Karisha,OP5,,PUL9000K,PUL9000K29325,,,
11284,2025-12-09 13:31:32+00,Karisha,OP5,,PUL9000K,PUL9000K29324,,,
11259,2025-12-09 12:36:01+00,Karisha,OP5,,PUL9000K,PUL9000K29323,,,
11255,2025-12-09 12:33:23+00,Karisha,OP5,,PUL9000K,PUL9000K29322,,,
11239,2025-12-08 21:45:44+00,Stephanie,OP5,,PUL9000K,PUL9000K29321,,,
11227,2025-12-08 21:14:50+00,Stephanie,OP5,,PUL9000K,PUL9000K29320,,,
11217,2025-12-08 20:26:42+00,Stephanie,OP5,,PUL9000K,PUL9000K29319,,,
11210,2025-12-08 20:11:58+00,Debbie,MAIN,,PUL9000K,PUL9000K29311,,,
11207,2025-12-08 20:03:22+00,Debbie,MAIN,,PUL9000K,PUL9000K29310,,,
11204,2025-12-08 19:54:58+00,Stephanie,OP5,,PUL9000K,PUL9000K29318,,,
11203,2025-12-08 19:54:17+00,Debbie,MAIN,,PUL9000K,PUL9000K29309,,,
11192,2025-12-08 19:23:29+00,Stephanie,OP5,,PUL9000K,PUL9000K29317,,,
11160,2025-12-08 17:09:42+00,Stephanie,OP5,,PUL9000K,PUL9000K29316,,,
11152,2025-12-08 16:41:14+00,Debbie,MAIN,,PUL9000K,PUL9000K29308,,,
11150,2025-12-08 16:29:57+00,Debbie,MAIN,,PUL9000K,PUL9000K29307,,,
11133,2025-12-08 15:24:34+00,Debbie,MAIN,,PUL9000K,PUL9000K29306,,,
11127,2025-12-08 15:05:02+00,Stephanie,OP5,,PUL9000K,PUL9000K29315,,,
11121,2025-12-08 14:48:44+00,Debbie,MAIN,,PUL9000K,PUL9000K29305,,,
11115,2025-12-08 14:22:45+00,Stephanie,OP5,,PUL9000K,PUL9000K29314,,,
11102,2025-12-08 13:54:00+00,Debbie,MAIN,,PUL9000K,PUL9000K29304,,,
11101,2025-12-08 13:50:36+00,Stephanie,OP5,,PUL9000K,PUL9000K29313,,,
11093,2025-12-08 13:18:05+00,Stephanie,OP5,,PUL9000K,PUL9000K29312,,,
11085,2025-12-08 13:07:18+00,Debbie,MAIN,,PUL9000K,PUL9000K29303,,,
11084,2025-12-08 13:06:28+00,Debbie,MAIN,,PUL9000K,PUL9000K29302,,,
11059,2025-12-06 16:47:27+00,Grace,MAIN,,PUL9000K,PUL9000K29301,,,
11057,2025-12-06 16:02:01+00,Grace,MAIN,,PUL9000K,PUL9000K29300,,,
11054,2025-12-06 15:22:36+00,Grace,MAIN,,PUL9000K,PUL9000K29299,,,
11050,2025-12-06 14:31:57+00,Grace,MAIN,,PUL9000K,PUL9000K29298,,,
11045,2025-12-06 13:54:57+00,Grace,MAIN,,PUL9000K,PUL9000K29297,,,
11043,2025-12-06 13:09:24+00,Grace,MAIN,,PUL9000K,PUL9000K29296,,,
11040,2025-12-06 12:36:59+00,Grace,MAIN,,PUL9000K,PUL9000K29295,,,
11039,2025-12-06 12:35:04+00,Grace,MAIN,,PUL9000K,PUL9000K29293,,,
11037,2025-12-06 12:34:05+00,Grace,MAIN,,PUL9000K,PUL9000K29292,,,
11035,2025-12-05 19:43:40+00,Debbie,MAIN,,PUL9000K,PUL9000K29294,,,
11034,2025-12-05 19:43:16+00,Debbie,MAIN,,PUL9000K,PUL9000K29269,,,
11032,2025-12-05 19:41:02+00,Maria G,OP7,,PUL9000K,PUL9000K29291,,,
11031,2025-12-05 19:39:32+00,Maria G,OP7,,PUL9000K,PUL9000K29290,,,
11028,2025-12-05 19:17:21+00,Grace,MAIN,,PUL9000K,PUL9000K29289,,,
11024,2025-12-05 18:42:21+00,Maria G,OP7,,PUL9000K,PUL9000K29281,,,
11023,2025-12-05 18:40:07+00,Debbie,MAIN,,PUL9000K,PUL9000K29268,,,
11022,2025-12-05 18:39:51+00,Debbie,MAIN,,PUL9000K,PUL9000K29267,,,
11021,2025-12-05 18:39:37+00,Debbie,MAIN,,PUL9000K,PUL9000K29266,,,
11020,2025-12-05 18:39:21+00,Debbie,MAIN,,PUL9000K,PUL9000K29265,,,
11019,2025-12-05 18:38:59+00,Debbie,MAIN,,PUL9000K,PUL9000K29264,,,
11018,2025-12-05 18:38:47+00,Debbie,MAIN,,PUL9000K,PUL9000K29263,,,
11017,2025-12-05 18:38:37+00,Debbie,MAIN,,PUL9000K,PUL9000K29262,,,
11016,2025-12-05 18:38:24+00,Debbie,MAIN,,PUL9000K,PUL9000K29261,,,
11015,2025-12-05 18:38:13+00,Debbie,MAIN,,PUL9000K,PUL9000K29260,,,
11011,2025-12-05 18:34:22+00,Maria G,OP7,,PUL9000K,PUL9000K29280,,,
11003,2025-12-05 18:31:57+00,Maria G,OP7,,PUL9000K,PUL9000K29279,,,
11001,2025-12-05 18:30:21+00,Maria G,OP7,,PUL9000K,PUL9000K29278,,,
10992,2025-12-05 16:31:45+00,Grace,MAIN,,PUL9000K,PUL9000K29288,,,
10991,2025-12-05 16:20:30+00,Maria G,OP7,,PUL9000K,PUL9000K29277,,,
10990,2025-12-05 16:19:00+00,Maria G,OP7,,PUL9000K,PUL9000K29276,,,
10985,2025-12-05 15:32:13+00,Grace,MAIN,,PUL9000K,PUL9000K29287,,,
10984,2025-12-05 15:29:08+00,Maria G,OP7,,PUL9000K,PUL9000K29275,,,
10982,2025-12-05 15:27:28+00,Maria G,OP7,,PUL9000K,PUL9000K29274,,,
10978,2025-12-05 14:53:27+00,Grace,MAIN,,PUL9000K,PUL9000K29286,,,
10975,2025-12-05 14:34:23+00,Maria G,OP7,,PUL9000K,PUL9000K29273,,,
10974,2025-12-05 14:32:54+00,Maria G,OP7,,PUL9000K,PUL9000K29272,,,
10972,2025-12-05 14:19:41+00,Grace,MAIN,,PUL9000K,PUL9000K29285,,,
10968,2025-12-05 13:49:04+00,Grace,MAIN,,PUL9000K,PUL9000K29284,,,
10967,2025-12-05 13:48:20+00,Grace,MAIN,,PUL9000K,PUL9000K29283,,,
10966,2025-12-05 13:46:43+00,Grace,MAIN,,PUL9000K,PUL9000K29282,,,
10965,2025-12-05 13:30:38+00,Maria G,OP7,,PUL9000K,PUL9000K29271,,,
10964,2025-12-05 13:29:02+00,Maria G,OP7,,PUL9000K,PUL9000K29270,,,
10959,2025-12-04 21:48:25+00,Karisha,OP5,,PUL9000K,PUL9000K29259,,,
10958,2025-12-04 21:45:41+00,Karisha,OP5,,PUL9000K,PUL9000K29258,,,
10946,2025-12-04 20:49:01+00,Karisha,OP5,,PUL9000K,PUL9000K29257,,,
10945,2025-12-04 20:48:22+00,Karisha,OP5,,PUL9000K,PUL9000K29256,,,
10920,2025-12-04 19:15:40+00,Karisha,OP5,,PUL9000K,PUL9000K29255,,,
10917,2025-12-04 19:10:49+00,Karisha,OP5,,PUL9000K,PUL9000K29254,,,
10907,2025-12-04 18:17:47+00,Maria L,OP12,,PUL9000K,PUL9000K29253,,,
10897,2025-12-04 17:53:23+00,Karisha,OP5,,PUL9000K,PUL9000K29251,,,
10895,2025-12-04 17:46:17+00,Karisha,OP5,,PUL9000K,PUL9000K29250,,,
10891,2025-12-04 17:39:50+00,Maria L,OP12,,PUL9000K,PUL9000K29252,,,
10880,2025-12-04 16:42:56+00,Maria L,OP12,,PUL9000K,PUL9000K29245,,,
10874,2025-12-04 16:11:28+00,Maria L,OP12,,PUL9000K,PUL9000K29244,,,
10873,2025-12-04 16:09:47+00,Karisha,OP5,,PUL9000K,PUL9000K29249,,,
10870,2025-12-04 15:57:51+00,Karisha,OP5,,PUL9000K,PUL9000K29248,,,
10865,2025-12-04 15:36:40+00,Maria L,OP12,,PUL9000K,PUL9000K29243,,,
10861,2025-12-04 15:19:17+00,Karisha,OP5,,PUL9000K,PUL9000K29247,,,
10857,2025-12-04 15:02:52+00,Maria L,OP12,,PUL9000K,PUL9000K29242,,,
10848,2025-12-04 14:32:54+00,Maria L,OP12,,PUL9000K,PUL9000K29241,,,
10847,2025-12-04 14:32:19+00,Karisha,OP5,,PUL9000K,PUL9000K29246,,,
10846,2025-12-04 14:29:58+00,Karisha,OP5,,PUL9000K,PUL9000K29239,,,
10845,2025-12-04 14:29:39+00,Karisha,OP5,,PUL9000K,PUL9000K29238,,,
10833,2025-12-04 14:00:02+00,Maria L,OP12,,PUL9000K,PUL9000K29240,,,
10824,2025-12-04 13:09:03+00,Maria L,OP12,,PUL9000K,PUL9000K29233,,,
10818,2025-12-04 12:54:40+00,Karisha,OP5,,PUL9000K,PUL9000K29227,,,
10816,2025-12-04 12:51:14+00,Karisha,OP5,,PUL9000K,PUL9000K29226,,,
10812,2025-12-04 12:34:12+00,Maria L,OP12,,PUL9000K,PUL9000K29232,,,
10805,2025-12-04 11:57:40+00,Maria L,OP12,,PUL9000K,PUL9000K29231,,,
10803,2025-12-03 21:52:17+00,Karisha,OP5,,PUL9000K,PUL9000K29237,,,
10799,2025-12-03 21:40:54+00,Stephanie,OP2,,PUL9000K,PUL9000K29225,,,
10794,2025-12-03 21:26:27+00,Karisha,OP5,,PUL9000K,PUL9000K29236,,,
10785,2025-12-03 20:36:17+00,Maria L,OP12,,PUL9000K,PUL9000K29230,,,
10783,2025-12-03 20:28:40+00,Karisha,OP5,,PUL9000K,PUL9000K29235,,,
10780,2025-12-03 20:19:16+00,Karisha,OP5,,PUL9000K,PUL9000K29234,,,
10779,2025-12-03 20:13:59+00,Stephanie,OP2,,PUL9000K,PUL9000K29224,,,
10774,2025-12-03 19:50:12+00,Karisha,OP5,,PUL9000K,PUL9000K29221,,,
10773,2025-12-03 19:48:25+00,Maria L,OP12,,PUL9000K,PUL9000K29229,,,
10763,2025-12-03 19:12:31+00,Maria L,OP12,,PUL9000K,PUL9000K29228,,,
10759,2025-12-03 19:08:31+00,Karisha,OP5,,PUL9000K,PUL9000K29220,,,
10750,2025-12-03 18:25:28+00,Karisha,OP5,,PUL9000K,PUL9000K29219,,,
10749,2025-12-03 18:23:52+00,Karisha,OP5,,PUL9000K,PUL9000K29218,,,
10721,2025-12-03 16:43:18+00,Stephanie,OP2,,PUL9000K,PUL9000K29223,,,
10714,2025-12-03 16:37:22+00,Karisha,OP5,,PUL9000K,PUL9000K29217,,,
10702,2025-12-03 16:10:25+00,Karisha,OP5,,PUL9000K,PUL9000K29216,,,
10701,2025-12-03 16:07:01+00,Stephanie,OP2,,PUL9000K,PUL9000K29222,,,
10689,2025-12-03 15:20:38+00,Karisha,OP5,,PUL9000K,PUL9000K29215,,,
10688,2025-12-03 15:19:58+00,Karisha,OP5,,PUL9000K,PUL9000K29214,,,
10676,2025-12-03 14:44:14+00,Karisha,OP5,,PUL9000K,PUL9000K29213,,,
10656,2025-12-03 14:08:11+00,Karisha,OP5,,PUL9000K,PUL9000K29212,,,
10636,2025-12-03 12:54:08+00,Karisha,OP5,,PUL9000K,PUL9000K29211,,,
10634,2025-12-03 12:53:34+00,Karisha,OP5,,PUL9000K,PUL9000K29210,,,
10626,2025-12-03 12:37:08+00,Karisha,OP5,,PUL9000K,PUL9000K29209,,,
10611,2025-12-02 21:34:34+00,Karisha,OP5,,PUL9000K,PUL9000K29208,No USB,,
10609,2025-12-02 21:32:39+00,Karisha,OP5,,PUL9000K,PUL9000K29207,No USB,,
10583,2025-12-02 20:14:04+00,Karisha,OP5,,PUL9000K,PUL9000K29206,No USB,,
10574,2025-12-02 19:42:38+00,Karisha,OP5,,PUL9000K,PUL9000K29205,No USB,,
10571,2025-12-02 19:40:35+00,Karisha,OP5,,PUL9000K,PUL9000K29204,No USB,,
10557,2025-12-02 18:29:46+00,Karisha,OP5,,PUL9000K,PUL9000K29203,No USB,,
10556,2025-12-02 18:28:45+00,Karisha,OP5,,PUL9000K,PUL9000K29202,No USB,,
10526,2025-12-02 16:40:37+00,Karisha,OP5,,PUL9000K,PUL9000K29201,No USB,,
10524,2025-12-02 16:37:04+00,Karisha,OP5,,PUL9000K,PUL9000K29200,No USB,,
10505,2025-12-02 15:33:09+00,Karisha,OP5,,PUL9000K,PUL9000K29199,No USB,,
10486,2025-12-02 14:59:08+00,Karisha,OP5,,PUL9000K,PUL9000K29198,No USB,,
10475,2025-12-02 14:24:38+00,Karisha,OP5,,PUL9000K,PUL9000K29197,No USB,,
10473,2025-12-02 14:23:05+00,Karisha,OP5,,PUL9000K,PUL9000K29196,No USB,,
10444,2025-12-02 13:07:56+00,Karisha,OP5,,PUL9000K,PUL9000K29195,No USB,,
10441,2025-12-02 13:06:57+00,Karisha,OP5,,PUL9000K,PUL9000K29194,No USB,,
10440,2025-12-02 13:06:24+00,Karisha,OP5,,PUL9000K,PUL9000K29193,No USB,,
10417,2025-12-01 21:40:28+00,Karisha,OP5,,PUL9000K,PUL9000K29192,No USB,,
10412,2025-12-01 21:21:23+00,Karisha,OP5,,PUL9000K,PUL9000K29191,No USB,,
10386,2025-12-01 20:21:03+00,Karisha,OP5,,PUL9000K,PUL9000K29190,No USB,,
10372,2025-12-01 19:54:45+00,Karisha,OP5,,PUL9000K,PUL9000K29189,No USB,,
10361,2025-12-01 19:10:47+00,Karisha,OP5,,PUL9000K,PUL9000K29188,No USB,,
10354,2025-12-01 18:49:27+00,Karisha,OP5,,PUL9000K,PUL9000K29187,No USB,,
10322,2025-12-01 16:57:46+00,Karisha,OP5,,PUL9000K,PUL9000K29186,No USB,,
10315,2025-12-01 16:30:55+00,Karisha,OP5,,PUL9000K,PUL9000K29185,No USB,,
10305,2025-12-01 15:41:19+00,Karisha,OP5,,PUL9000K,PUL9000K29184,,,
10303,2025-12-01 15:36:37+00,Debbie,MAIN,,PUL9000K,PUL9000K29173,,,
10302,2025-12-01 15:36:16+00,Debbie,MAIN,,PUL9000K,PUL9000K29172,,,
10301,2025-12-01 15:35:59+00,Debbie,MAIN,,PUL9000K,PUL9000K29171,,,
10299,2025-12-01 15:33:05+00,Debbie,MAIN,,PUL9000K,PUL9000K29170,,,
10298,2025-12-01 15:32:49+00,Debbie,MAIN,,PUL9000K,PUL9000K29169,,,
10297,2025-12-01 15:32:27+00,Debbie,MAIN,,PUL9000K,PUL9000K29167,,,
10296,2025-12-01 15:32:12+00,Debbie,MAIN,,PUL9000K,PUL9000K29166,,,
10295,2025-12-01 15:31:43+00,Debbie,MAIN,,PUL9000K,PUL9000K29168,,,
10293,2025-12-01 15:30:37+00,Debbie,MAIN,,PUL9000K,PUL9000K29165,SO,,
10287,2025-12-01 15:04:42+00,Karisha,OP5,,PUL9000K,PUL9000K29183,,,
10277,2025-12-01 14:23:51+00,Karisha,OP5,,PUL9000K,PUL9000K29182,,,
10264,2025-12-01 13:47:30+00,Karisha,OP5,,PUL9000K,PUL9000K29181,,,
10257,2025-12-01 13:07:25+00,Karisha,OP5,,PUL9000K,PUL9000K29180,,,
10256,2025-12-01 13:05:01+00,Karisha,OP5,,PUL9000K,PUL9000K29179,,,
10254,2025-12-01 13:01:18+00,Karisha,OP5,,PUL9000K,PUL9000K29178,,,
10177,2025-11-26 19:33:12+00,Karisha,OP5,,PUL9000K,PUL9000K29177,,,
10175,2025-11-26 19:30:04+00,Debbie,MAIN,,PUL9000K,PUL9000K29164,,,
10166,2025-11-26 19:06:01+00,Karisha,OP5,,PUL9000K,PUL9000K29176,,,
10165,2025-11-26 19:05:39+00,Debbie,MAIN,,PUL9000K,PUL9000K29163,,,
10157,2025-11-26 18:47:11+00,Karisha,OP5,,PUL9000K,PUL9000K29175,,,
10153,2025-11-26 18:14:25+00,Debbie,MAIN,,PUL9000K,PUL9000K29162,,,
10149,2025-11-26 17:58:02+00,Debbie,MAIN,,PUL9000K,PUL9000K29161,,,
10142,2025-11-26 17:33:37+00,Karisha,OP5,,PUL9000K,PUL9000K29174,,,
10140,2025-11-26 17:29:38+00,Karisha,OP5,,PUL9000K,PUL9000K29149,,,
10134,2025-11-26 17:11:43+00,Debbie,MAIN,,PUL9000K,PUL9000K29160,,,
10132,2025-11-26 17:08:52+00,Debbie,MAIN,,PUL9000K,PUL9000K29159,,,
10126,2025-11-26 16:32:42+00,Karisha,OP5,,PUL9000K,PUL9000K29148,,,
10117,2025-11-26 16:00:05+00,Karisha,OP5,,PUL9000K,PUL9000K29147,,,
10112,2025-11-26 15:39:48+00,Debbie,MAIN,,PUL9000K,PUL9000K29158,,,
10110,2025-11-26 15:33:24+00,Debbie,MAIN,,PUL9000K,PUL9000K29157,,,
10098,2025-11-26 14:58:09+00,Karisha,OP5,,PUL9000K,PUL9000K29146,,,
10097,2025-11-26 14:52:22+00,Karisha,OP5,,PUL9000K,PUL9000K29145,,,
10092,2025-11-26 14:37:59+00,Debbie,MAIN,,PUL9000K,PUL9000K29156,,,
10090,2025-11-26 14:35:37+00,Debbie,MAIN,,PUL9000K,PUL9000K29155,,,
10075,2025-11-26 13:47:01+00,Karisha,OP5,,PUL9000K,PUL9000K29144,,,
10065,2025-11-26 12:55:22+00,Karisha,OP5,,PUL9000K,PUL9000K29143,,,
10063,2025-11-26 12:52:53+00,Karisha,OP5,,PUL9000K,PUL9000K29142,,,
10061,2025-11-26 12:49:47+00,Debbie,MAIN,,PUL9000K,PUL9000K29154,,,
10057,2025-11-26 12:45:24+00,Debbie,MAIN,,PUL9000K,PUL9000K29153,,,
10044,2025-11-25 21:48:26+00,Debbie,MAIN,,PUL9000K,PUL9000K29152,,,
10038,2025-11-25 21:01:02+00,Debbie,MAIN,,PUL9000K,PUL9000K29151,,,
10037,2025-11-25 21:00:30+00,Debbie,MAIN,,PUL9000K,PUL9000K29150,,,
10035,2025-11-25 20:48:18+00,Karisha,OP5,,PUL9000K,PUL9000K29141,,,
10014,2025-11-25 20:03:20+00,Karisha,OP5,,PUL9000K,PUL9000K29140,,,
9999,2025-11-25 19:34:57+00,Karisha,OP5,,PUL9000K,PUL9000K29139,,,
9998,2025-11-25 19:34:23+00,Karisha,OP5,,PUL9000K,PUL9000K29138,,,
9983,2025-11-25 18:07:44+00,Karisha,OP5,,PUL9000K,PUL9000K29137,,,
9973,2025-11-25 17:36:27+00,Karisha,OP5,,PUL9000K,PUL9000K29136,,,
9965,2025-11-25 16:42:45+00,Karisha,OP5,,PUL9000K,PUL9000K29135,,,
9954,2025-11-25 16:03:11+00,Karisha,OP5,,PUL9000K,PUL9000K29134,,,
9949,2025-11-25 15:36:52+00,Karisha,OP5,,PUL9000K,PUL9000K29133,,,
9924,2025-11-25 14:54:41+00,Karisha,OP5,,PUL9000K,PUL9000K29132,,,
9914,2025-11-25 14:15:34+00,Karisha,OP5,,PUL9000K,PUL9000K29131,,,
9898,2025-11-25 13:26:43+00,Karisha,OP5,,PUL9000K,PUL9000K29130,,,
9891,2025-11-25 13:02:41+00,Karisha,OP5,,PUL9000K,PUL9000K29129,,,
9890,2025-11-25 13:02:27+00,Karisha,OP5,,PUL9000K,PUL9000K29128,,,
6951,2025-12-16 14:56:49+00,Faye,OP4,+B446TNN1021/$+TNN102122408,TNN102,TNN10212240,,,
6945,2025-12-16 14:28:47+00,Faye,OP4,+B446TNN1021/$+TNN10212239G,TNN102,TNN10212239,,,
6931,2025-12-16 13:57:08+00,Faye,OP4,+B446TNN1021/$+TNN10212238F,TNN102,TNN10212238,,,
6919,2025-12-16 13:09:09+00,Faye,OP4,+B446TNN1021/$+TNN10212237E,TNN102,TNN10212237,,,
10562,2025-12-02 19:03:11+00,Faye,MAIN,,TNN102,TNN10212236,,,